tmpfs_runc,16384,2.269833e-06
tmpfs_runc,16384,2.035575e-06
tmpfs_runc,16384,2.206691e-06
tmpfs_runc,16384,2.071669e-06
tmpfs_runc,16384,2.275403e-06
tmpfs_runc,16384,2.189176e-06
tmpfs_runc,16384,2.157101e-06
tmpfs_runc,16384,2.223979e-06
tmpfs_runc,16384,2.154091e-06
tmpfs_runc,16384,2.138681e-06
tmpfs_runc,16384,2.073449e-06
tmpfs_runc,16384,1.992934e-06
tmpfs_runc,16384,2.149417e-06
tmpfs_runc,16384,2.280968e-06
tmpfs_runc,16384,2.162408e-06
tmpfs_runc,16384,2.22483e-06
tmpfs_runc,16384,2.11792e-06
tmpfs_runc,16384,2.265274e-06
tmpfs_runc,16384,2.244633e-06
tmpfs_runc,16384,2.249301e-06
tmpfs_runc,16384,2.08854e-06
tmpfs_runc,16384,2.33755e-06
tmpfs_runc,16384,1.813968e-06
tmpfs_runc,16384,2.140134e-06
tmpfs_runc,16384,2.244427e-06
tmpfs_runc,16384,2.112881e-06
tmpfs_runc,16384,2.240029e-06
tmpfs_runc,16384,2.191369e-06
tmpfs_runc,16384,2.209343e-06
tmpfs_runc,16384,2.146033e-06
tmpfs_runc,16384,2.02794e-06
tmpfs_runc,16384,2.18287e-06
tmpfs_runc,16384,2.177662e-06
tmpfs_runc,16384,2.177576e-06
tmpfs_runc,16384,2.282756e-06
tmpfs_runc,16384,2.28367e-06
tmpfs_runc,16384,2.146489e-06
tmpfs_runc,16384,2.178921e-06
tmpfs_runc,16384,2.073272e-06
tmpfs_runc,16384,2.177754e-06
tmpfs_runc,16384,2.126494e-06
tmpfs_runc,16384,1.720383e-06
tmpfs_runc,16384,2.259153e-06
tmpfs_runc,16384,2.109695e-06
tmpfs_runc,16384,2.257884e-06
tmpfs_runc,16384,2.285952e-06
tmpfs_runc,16384,2.186247e-06
tmpfs_runc,16384,2.210966e-06
tmpfs_runc,16384,1.97405e-06
tmpfs_runc,16384,2.196146e-06
tmpfs_runc,16384,2.191234e-06
tmpfs_runc,16384,2.205963e-06
tmpfs_runc,16384,2.287269e-06
tmpfs_runc,16384,2.242685e-06
tmpfs_runc,16384,2.465103e-06
tmpfs_runc,16384,2.318598e-06
tmpfs_runc,16384,2.276833e-06
tmpfs_runc,16384,2.155544e-06
tmpfs_runc,16384,2.221694e-06
tmpfs_runc,16384,2.086806e-06
tmpfs_runc,16384,2.207655e-06
tmpfs_runc,16384,2.186233e-06
tmpfs_runc,16384,2.197141e-06
tmpfs_runc,16384,2.161024e-06
tmpfs_runc,16384,2.212807e-06
tmpfs_runc,16384,2.264044e-06
tmpfs_runc,16384,2.086884e-06
tmpfs_runc,16384,2.262581e-06
tmpfs_runc,16384,2.176107e-06
tmpfs_runc,16384,2.178239e-06
tmpfs_runc,16384,2.232342e-06
tmpfs_runc,16384,2.264449e-06
tmpfs_runc,16384,2.182123e-06
tmpfs_runc,16384,2.280064e-06
tmpfs_runc,16384,2.207269e-06
tmpfs_runc,16384,1.940148e-06
tmpfs_runc,16384,2.233628e-06
tmpfs_runc,16384,2.250904e-06
tmpfs_runc,16384,2.159942e-06
tmpfs_runc,16384,1.882929e-06
tmpfs_runc,16384,2.245392e-06
tmpfs_runc,16384,2.252732e-06
tmpfs_runc,16384,2.172711e-06
tmpfs_runc,16384,1.984884e-06
tmpfs_runc,16384,2.25105e-06
tmpfs_runc,16384,2.139109e-06
tmpfs_runc,16384,2.229999e-06
tmpfs_runc,16384,2.187374e-06
tmpfs_runc,16384,2.066648e-06
tmpfs_runc,16384,2.224253e-06
tmpfs_runc,16384,2.084862e-06
tmpfs_runc,16384,2.293725e-06
tmpfs_runc,16384,2.133834e-06
tmpfs_runc,16384,2.177592e-06
tmpfs_runc,16384,2.216156e-06
tmpfs_runc,16384,2.064396e-06
tmpfs_runc,16384,2.212179e-06
tmpfs_runc,16384,2.05136e-06
tmpfs_runc,16384,2.182649e-06
tmpfs_runc,16384,2.354973e-06
tmpfs_bare,262144,4.1876407e-05
tmpfs_bare,262144,4.1824449e-05
tmpfs_bare,262144,4.1772731e-05
tmpfs_bare,262144,4.1859032e-05
tmpfs_bare,262144,4.1710067e-05
tmpfs_bare,262144,4.1871546e-05
tmpfs_bare,262144,4.1738829e-05
tmpfs_bare,262144,4.1871299e-05
tmpfs_bare,262144,4.1869782e-05
tmpfs_bare,262144,4.1839779e-05
tmpfs_bare,262144,4.1764422e-05
tmpfs_bare,262144,4.1837782e-05
tmpfs_bare,262144,4.1781648e-05
tmpfs_bare,262144,4.1765161e-05
tmpfs_bare,262144,4.1784097e-05
tmpfs_bare,262144,4.1848078e-05
tmpfs_bare,262144,4.1853815e-05
tmpfs_bare,262144,4.1770836e-05
tmpfs_bare,262144,4.1814099e-05
tmpfs_bare,262144,4.1839485e-05
tmpfs_bare,262144,4.1968426e-05
tmpfs_bare,262144,4.1832234e-05
tmpfs_bare,262144,4.1772619e-05
tmpfs_bare,262144,4.1769395e-05
tmpfs_bare,262144,4.173637e-05
tmpfs_bare,262144,3.9587248e-05
tmpfs_bare,262144,4.1583342e-05
tmpfs_bare,262144,4.1812898e-05
tmpfs_bare,262144,4.1769552e-05
tmpfs_bare,262144,4.1866417e-05
tmpfs_bare,262144,4.1861753e-05
tmpfs_bare,262144,4.182148e-05
tmpfs_bare,262144,4.1723128e-05
tmpfs_bare,262144,4.1787025e-05
tmpfs_bare,262144,4.1813688e-05
tmpfs_bare,262144,4.1766714e-05
tmpfs_bare,262144,4.1738291e-05
tmpfs_bare,262144,4.1867112e-05
tmpfs_bare,262144,4.1790066e-05
tmpfs_bare,262144,4.1776661e-05
tmpfs_bare,262144,4.1786727e-05
tmpfs_bare,262144,4.1748008e-05
tmpfs_bare,262144,4.1818046e-05
tmpfs_bare,262144,4.1811629e-05
tmpfs_bare,262144,4.1560801e-05
tmpfs_bare,262144,4.0891624e-05
tmpfs_bare,262144,4.1799129e-05
tmpfs_bare,262144,4.1819843e-05
tmpfs_bare,262144,4.1733914e-05
tmpfs_bare,262144,4.1875483e-05
tmpfs_bare,262144,4.1807783e-05
tmpfs_bare,262144,4.1796364e-05
tmpfs_bare,262144,4.1725129e-05
tmpfs_bare,262144,4.1784835e-05
tmpfs_bare,262144,4.1763356e-05
tmpfs_bare,262144,4.1825475e-05
tmpfs_bare,262144,4.2097679e-05
tmpfs_bare,262144,4.1751638e-05
tmpfs_bare,262144,4.1741871e-05
tmpfs_bare,262144,4.1889631e-05
tmpfs_bare,262144,4.1906838e-05
tmpfs_bare,262144,4.1805804e-05
tmpfs_bare,262144,4.1854066e-05
tmpfs_bare,262144,4.1781379e-05
tmpfs_bare,262144,4.1734955e-05
tmpfs_bare,262144,4.1773146e-05
tmpfs_bare,262144,4.1853156e-05
tmpfs_bare,262144,4.1865722e-05
tmpfs_bare,262144,4.1803862e-05
tmpfs_bare,262144,4.1843417e-05
tmpfs_bare,262144,4.1789881e-05
tmpfs_bare,262144,4.1731495e-05
tmpfs_bare,262144,5.7197227e-05
tmpfs_bare,262144,4.1784144e-05
tmpfs_bare,262144,4.1772768e-05
tmpfs_bare,262144,4.1081392e-05
tmpfs_bare,262144,4.179644e-05
tmpfs_bare,262144,4.1726762e-05
tmpfs_bare,262144,4.1857413e-05
tmpfs_bare,262144,4.1883741e-05
tmpfs_bare,262144,4.1793566e-05
tmpfs_bare,262144,4.1843377e-05
tmpfs_bare,262144,4.1914558e-05
tmpfs_bare,262144,4.1649557e-05
tmpfs_bare,262144,4.1816817e-05
tmpfs_bare,262144,4.1752624e-05
tmpfs_bare,262144,4.1611685e-05
tmpfs_bare,262144,4.1752268e-05
tmpfs_bare,262144,4.17382e-05
tmpfs_bare,262144,4.1701012e-05
tmpfs_bare,262144,4.1818792e-05
tmpfs_bare,262144,4.182319e-05
tmpfs_bare,262144,4.1761174e-05
tmpfs_bare,262144,4.154514e-05
tmpfs_bare,262144,4.1773161e-05
tmpfs_bare,262144,4.1760057e-05
tmpfs_bare,262144,4.1798234e-05
tmpfs_bare,262144,4.1762494e-05
tmpfs_bare,262144,4.1783591e-05
tmpfs_bare,262144,4.1904521e-05
tmpfs_runsc_ptrace,262144,6.542867e-05
tmpfs_runsc_ptrace,262144,5.6458339e-05
tmpfs_runsc_ptrace,262144,5.6676094e-05
tmpfs_runsc_ptrace,262144,6.7320761e-05
tmpfs_runsc_ptrace,262144,6.9708774e-05
tmpfs_runsc_ptrace,262144,6.9569207e-05
tmpfs_runsc_ptrace,262144,5.9674257e-05
tmpfs_runsc_ptrace,262144,5.4256372e-05
tmpfs_runsc_ptrace,262144,6.6086308e-05
tmpfs_runsc_ptrace,262144,6.6737142e-05
tmpfs_runsc_ptrace,262144,5.5788001e-05
tmpfs_runsc_ptrace,262144,7.260056e-05
tmpfs_runsc_ptrace,262144,6.6394852e-05
tmpfs_runsc_ptrace,262144,5.433668e-05
tmpfs_runsc_ptrace,262144,5.1107774e-05
tmpfs_runsc_ptrace,262144,6.544678e-05
tmpfs_runsc_ptrace,262144,5.3869495e-05
tmpfs_runsc_ptrace,262144,5.2452317e-05
tmpfs_runsc_ptrace,262144,5.8118861e-05
tmpfs_runsc_ptrace,262144,6.3330495e-05
tmpfs_runsc_ptrace,262144,6.5508611e-05
tmpfs_runsc_ptrace,262144,6.0023471e-05
tmpfs_runsc_ptrace,262144,7.2511881e-05
tmpfs_runsc_ptrace,262144,7.4929463e-05
tmpfs_runsc_ptrace,262144,5.3021555e-05
tmpfs_runsc_ptrace,262144,6.0388342e-05
tmpfs_runsc_ptrace,262144,6.9468071e-05
tmpfs_runsc_ptrace,262144,6.2431791e-05
tmpfs_runsc_ptrace,262144,5.8773741e-05
tmpfs_runsc_ptrace,262144,6.5670756e-05
tmpfs_runsc_ptrace,262144,6.362125e-05
tmpfs_runsc_ptrace,262144,6.3077539e-05
tmpfs_runsc_ptrace,262144,6.1896419e-05
tmpfs_runsc_ptrace,262144,6.0040849e-05
tmpfs_runsc_ptrace,262144,6.6049884e-05
tmpfs_runsc_ptrace,262144,5.824232e-05
tmpfs_runsc_ptrace,262144,5.674981e-05
tmpfs_runsc_ptrace,262144,5.7424455e-05
tmpfs_runsc_ptrace,262144,5.5523917e-05
tmpfs_runsc_ptrace,262144,5.6937562e-05
tmpfs_runsc_ptrace,262144,7.9200014e-05
tmpfs_runsc_ptrace,262144,6.2595391e-05
tmpfs_runsc_ptrace,262144,6.202067e-05
tmpfs_runsc_ptrace,262144,6.1782725e-05
tmpfs_runsc_ptrace,262144,5.4932141e-05
tmpfs_runsc_ptrace,262144,7.2575109e-05
tmpfs_runsc_ptrace,262144,6.6806089e-05
tmpfs_runsc_ptrace,262144,7.185241e-05
tmpfs_runsc_ptrace,262144,6.0623704e-05
tmpfs_runsc_ptrace,262144,6.6245877e-05
tmpfs_runsc_ptrace,262144,5.8710677e-05
tmpfs_runsc_ptrace,262144,6.7738649e-05
tmpfs_runsc_ptrace,262144,5.220859e-05
tmpfs_runsc_ptrace,262144,4.897606e-05
tmpfs_runsc_ptrace,262144,6.3144114e-05
tmpfs_runsc_ptrace,262144,5.9352449e-05
tmpfs_runsc_ptrace,262144,7.7372897e-05
tmpfs_runsc_ptrace,262144,7.2565505e-05
tmpfs_runsc_ptrace,262144,6.3226114e-05
tmpfs_runsc_ptrace,262144,6.8293761e-05
tmpfs_runsc_ptrace,262144,6.0230694e-05
tmpfs_runsc_ptrace,262144,5.8449838e-05
tmpfs_runsc_ptrace,262144,5.5873814e-05
tmpfs_runsc_ptrace,262144,6.1304258e-05
tmpfs_runsc_ptrace,262144,7.4068244e-05
tmpfs_runsc_ptrace,262144,8.3149062e-05
tmpfs_runsc_ptrace,262144,5.1956431e-05
tmpfs_runsc_ptrace,262144,6.3236737e-05
tmpfs_runsc_ptrace,262144,6.5057102e-05
tmpfs_runsc_ptrace,262144,5.5772591e-05
tmpfs_runsc_ptrace,262144,6.3643485e-05
tmpfs_runsc_ptrace,262144,5.5080465e-05
tmpfs_runsc_ptrace,262144,6.7062116e-05
tmpfs_runsc_ptrace,262144,8.036918e-05
tmpfs_runsc_ptrace,262144,6.0604445e-05
tmpfs_runsc_ptrace,262144,5.7657791e-05
tmpfs_runsc_ptrace,262144,6.3826716e-05
tmpfs_runsc_ptrace,262144,6.6767796e-05
tmpfs_runsc_ptrace,262144,6.5860193e-05
tmpfs_runsc_ptrace,262144,5.7779704e-05
tmpfs_runsc_ptrace,262144,6.3696578e-05
tmpfs_runsc_ptrace,262144,6.5002874e-05
tmpfs_runsc_ptrace,262144,5.5072967e-05
tmpfs_runsc_ptrace,262144,6.8614529e-05
tmpfs_runsc_ptrace,262144,6.3295331e-05
tmpfs_runsc_ptrace,262144,6.1110841e-05
tmpfs_runsc_ptrace,262144,5.3880394e-05
tmpfs_runsc_ptrace,262144,6.4178734e-05
tmpfs_runsc_ptrace,262144,5.8336806e-05
tmpfs_runsc_ptrace,262144,6.5817825e-05
tmpfs_runsc_ptrace,262144,8.1932834e-05
tmpfs_runsc_ptrace,262144,6.3257146e-05
tmpfs_runsc_ptrace,262144,6.4513595e-05
tmpfs_runsc_ptrace,262144,6.6588604e-05
tmpfs_runsc_ptrace,262144,5.9266615e-05
tmpfs_runsc_ptrace,262144,5.4649776e-05
tmpfs_runsc_ptrace,262144,6.3509506e-05
tmpfs_runsc_ptrace,262144,6.5563261e-05
tmpfs_runsc_ptrace,262144,6.518342e-05
tmpfs_runsc_ptrace,262144,7.2465933e-05
tmpfs_runc,4096,1.151246e-06
tmpfs_runc,4096,1.186226e-06
tmpfs_runc,4096,1.078114e-06
tmpfs_runc,4096,1.178454e-06
tmpfs_runc,4096,1.116483e-06
tmpfs_runc,4096,1.110592e-06
tmpfs_runc,4096,8.59525e-07
tmpfs_runc,4096,1.180347e-06
tmpfs_runc,4096,1.180331e-06
tmpfs_runc,4096,1.150064e-06
tmpfs_runc,4096,1.157863e-06
tmpfs_runc,4096,1.203655e-06
tmpfs_runc,4096,1.110695e-06
tmpfs_runc,4096,1.124164e-06
tmpfs_runc,4096,1.177166e-06
tmpfs_runc,4096,1.17992e-06
tmpfs_runc,4096,1.171693e-06
tmpfs_runc,4096,9.9089e-07
tmpfs_runc,4096,1.173452e-06
tmpfs_runc,4096,1.16053e-06
tmpfs_runc,4096,9.57695e-07
tmpfs_runc,4096,1.172207e-06
tmpfs_runc,4096,1.19461e-06
tmpfs_runc,4096,1.00627e-06
tmpfs_runc,4096,9.81068e-07
tmpfs_runc,4096,1.113441e-06
tmpfs_runc,4096,1.187022e-06
tmpfs_runc,4096,1.112919e-06
tmpfs_runc,4096,1.157786e-06
tmpfs_runc,4096,1.127646e-06
tmpfs_runc,4096,1.083684e-06
tmpfs_runc,4096,1.179348e-06
tmpfs_runc,4096,1.165768e-06
tmpfs_runc,4096,1.065257e-06
tmpfs_runc,4096,1.171094e-06
tmpfs_runc,4096,1.124707e-06
tmpfs_runc,4096,1.181935e-06
tmpfs_runc,4096,8.42037e-07
tmpfs_runc,4096,1.199035e-06
tmpfs_runc,4096,1.163142e-06
tmpfs_runc,4096,1.20846e-06
tmpfs_runc,4096,1.120161e-06
tmpfs_runc,4096,1.048327e-06
tmpfs_runc,4096,1.122812e-06
tmpfs_runc,4096,8.27831e-07
tmpfs_runc,4096,1.170079e-06
tmpfs_runc,4096,1.172273e-06
tmpfs_runc,4096,1.178018e-06
tmpfs_runc,4096,1.171503e-06
tmpfs_runc,4096,1.16746e-06
tmpfs_runc,4096,1.161566e-06
tmpfs_runc,4096,9.16838e-07
tmpfs_runc,4096,1.056356e-06
tmpfs_runc,4096,1.169167e-06
tmpfs_runc,4096,1.12389e-06
tmpfs_runc,4096,1.172933e-06
tmpfs_runc,4096,9.9389e-07
tmpfs_runc,4096,1.162201e-06
tmpfs_runc,4096,1.060699e-06
tmpfs_runc,4096,1.174461e-06
tmpfs_runc,4096,1.170646e-06
tmpfs_runc,4096,1.169952e-06
tmpfs_runc,4096,1.15858e-06
tmpfs_runc,4096,1.183472e-06
tmpfs_runc,4096,1.196084e-06
tmpfs_runc,4096,1.1668e-06
tmpfs_runc,4096,1.17452e-06
tmpfs_runc,4096,1.135307e-06
tmpfs_runc,4096,1.047876e-06
tmpfs_runc,4096,1.098315e-06
tmpfs_runc,4096,1.053955e-06
tmpfs_runc,4096,1.116855e-06
tmpfs_runc,4096,1.037885e-06
tmpfs_runc,4096,9.89307e-07
tmpfs_runc,4096,1.054767e-06
tmpfs_runc,4096,1.03579e-06
tmpfs_runc,4096,1.096127e-06
tmpfs_runc,4096,1.149241e-06
tmpfs_runc,4096,1.156627e-06
tmpfs_runc,4096,1.187237e-06
tmpfs_runc,4096,1.118174e-06
tmpfs_runc,4096,1.158522e-06
tmpfs_runc,4096,1.181853e-06
tmpfs_runc,4096,1.035894e-06
tmpfs_runc,4096,1.12336e-06
tmpfs_runc,4096,1.079161e-06
tmpfs_runc,4096,1.043507e-06
tmpfs_runc,4096,1.131335e-06
tmpfs_runc,4096,9.16691e-07
tmpfs_runc,4096,1.170746e-06
tmpfs_runc,4096,1.187336e-06
tmpfs_runc,4096,1.094749e-06
tmpfs_runc,4096,1.13597e-06
tmpfs_runc,4096,9.86963e-07
tmpfs_runc,4096,1.140031e-06
tmpfs_runc,4096,1.170079e-06
tmpfs_runc,4096,1.153537e-06
tmpfs_runc,4096,1.181499e-06
tmpfs_runc,4096,1.021169e-06
tmpfs_runc,4096,1.14326e-06
tmpfs_runsc_ptrace,4096,1.2685077e-05
tmpfs_runsc_ptrace,4096,1.2030577e-05
tmpfs_runsc_ptrace,4096,1.1706884e-05
tmpfs_runsc_ptrace,4096,1.281749e-05
tmpfs_runsc_ptrace,4096,1.3510444e-05
tmpfs_runsc_ptrace,4096,1.3102946e-05
tmpfs_runsc_ptrace,4096,1.2774976e-05
tmpfs_runsc_ptrace,4096,1.1959586e-05
tmpfs_runsc_ptrace,4096,1.2895463e-05
tmpfs_runsc_ptrace,4096,1.3527811e-05
tmpfs_runsc_ptrace,4096,1.2675982e-05
tmpfs_runsc_ptrace,4096,1.3102229e-05
tmpfs_runsc_ptrace,4096,1.2932843e-05
tmpfs_runsc_ptrace,4096,1.1598969e-05
tmpfs_runsc_ptrace,4096,1.2175982e-05
tmpfs_runsc_ptrace,4096,1.3146775e-05
tmpfs_runsc_ptrace,4096,1.3928387e-05
tmpfs_runsc_ptrace,4096,1.3512868e-05
tmpfs_runsc_ptrace,4096,1.2251479e-05
tmpfs_runsc_ptrace,4096,1.3618705e-05
tmpfs_runsc_ptrace,4096,1.3414624e-05
tmpfs_runsc_ptrace,4096,1.3840669e-05
tmpfs_runsc_ptrace,4096,1.3162825e-05
tmpfs_runsc_ptrace,4096,1.2496432e-05
tmpfs_runsc_ptrace,4096,1.3471685e-05
tmpfs_runsc_ptrace,4096,1.3499136e-05
tmpfs_runsc_ptrace,4096,1.2568094e-05
tmpfs_runsc_ptrace,4096,1.2881997e-05
tmpfs_runsc_ptrace,4096,1.3375729e-05
tmpfs_runsc_ptrace,4096,1.1762974e-05
tmpfs_runsc_ptrace,4096,1.3358457e-05
tmpfs_runsc_ptrace,4096,1.43957e-05
tmpfs_runsc_ptrace,4096,1.4285273e-05
tmpfs_runsc_ptrace,4096,1.3020847e-05
tmpfs_runsc_ptrace,4096,1.3547473e-05
tmpfs_runsc_ptrace,4096,1.2194836e-05
tmpfs_runsc_ptrace,4096,1.4203569e-05
tmpfs_runsc_ptrace,4096,1.3731452e-05
tmpfs_runsc_ptrace,4096,1.3074234e-05
tmpfs_runsc_ptrace,4096,1.1705004e-05
tmpfs_runsc_ptrace,4096,1.2657124e-05
tmpfs_runsc_ptrace,4096,1.3231924e-05
tmpfs_runsc_ptrace,4096,1.3445992e-05
tmpfs_runsc_ptrace,4096,1.3123187e-05
tmpfs_runsc_ptrace,4096,1.2019133e-05
tmpfs_runsc_ptrace,4096,1.1402512e-05
tmpfs_runsc_ptrace,4096,1.3176218e-05
tmpfs_runsc_ptrace,4096,1.4092176e-05
tmpfs_runsc_ptrace,4096,1.4680126e-05
tmpfs_runsc_ptrace,4096,1.3091886e-05
tmpfs_runsc_ptrace,4096,1.4013183e-05
tmpfs_runsc_ptrace,4096,1.3116307e-05
tmpfs_runsc_ptrace,4096,1.2898682e-05
tmpfs_runsc_ptrace,4096,1.3167686e-05
tmpfs_runsc_ptrace,4096,1.2877591e-05
tmpfs_runsc_ptrace,4096,1.3930269e-05
tmpfs_runsc_ptrace,4096,1.3579855e-05
tmpfs_runsc_ptrace,4096,1.2928673e-05
tmpfs_runsc_ptrace,4096,1.2809206e-05
tmpfs_runsc_ptrace,4096,1.1711011e-05
tmpfs_runsc_ptrace,4096,1.3127635e-05
tmpfs_runsc_ptrace,4096,1.4349776e-05
tmpfs_runsc_ptrace,4096,1.3429828e-05
tmpfs_runsc_ptrace,4096,1.3028905e-05
tmpfs_runsc_ptrace,4096,1.2080598e-05
tmpfs_runsc_ptrace,4096,1.3464641e-05
tmpfs_runsc_ptrace,4096,1.2663183e-05
tmpfs_runsc_ptrace,4096,1.3175969e-05
tmpfs_runsc_ptrace,4096,1.3145608e-05
tmpfs_runsc_ptrace,4096,1.2782047e-05
tmpfs_runsc_ptrace,4096,1.369134e-05
tmpfs_runsc_ptrace,4096,1.3908857e-05
tmpfs_runsc_ptrace,4096,1.3086956e-05
tmpfs_runsc_ptrace,4096,1.2702462e-05
tmpfs_runsc_ptrace,4096,1.3251986e-05
tmpfs_runsc_ptrace,4096,1.1875385e-05
tmpfs_runsc_ptrace,4096,1.453658e-05
tmpfs_runsc_ptrace,4096,1.4823599e-05
tmpfs_runsc_ptrace,4096,1.3132272e-05
tmpfs_runsc_ptrace,4096,1.2276956e-05
tmpfs_runsc_ptrace,4096,1.2763294e-05
tmpfs_runsc_ptrace,4096,1.1602798e-05
tmpfs_runsc_ptrace,4096,1.2497212e-05
tmpfs_runsc_ptrace,4096,1.2586962e-05
tmpfs_runsc_ptrace,4096,1.3195954e-05
tmpfs_runsc_ptrace,4096,1.3017092e-05
tmpfs_runsc_ptrace,4096,1.1477195e-05
tmpfs_runsc_ptrace,4096,1.3387213e-05
tmpfs_runsc_ptrace,4096,1.3433047e-05
tmpfs_runsc_ptrace,4096,1.2292922e-05
tmpfs_runsc_ptrace,4096,1.3321446e-05
tmpfs_runsc_ptrace,4096,1.227329e-05
tmpfs_runsc_ptrace,4096,1.425153e-05
tmpfs_runsc_ptrace,4096,1.3582616e-05
tmpfs_runsc_ptrace,4096,1.237817e-05
tmpfs_runsc_ptrace,4096,1.2687174e-05
tmpfs_runsc_ptrace,4096,1.2621997e-05
tmpfs_runsc_ptrace,4096,1.4542521e-05
tmpfs_runsc_ptrace,4096,1.3146694e-05
tmpfs_runsc_ptrace,4096,1.2156289e-05
tmpfs_runsc_kvm,65536,1.1307688e-05
tmpfs_runsc_kvm,65536,1.1910233e-05
tmpfs_runsc_kvm,65536,1.3513896e-05
tmpfs_runsc_kvm,65536,1.1539504e-05
tmpfs_runsc_kvm,65536,1.1779862e-05
tmpfs_runsc_kvm,65536,1.1766315e-05
tmpfs_runsc_kvm,65536,1.1615763e-05
tmpfs_runsc_kvm,65536,1.2035105e-05
tmpfs_runsc_kvm,65536,1.3358314e-05
tmpfs_runsc_kvm,65536,1.205756e-05
tmpfs_runsc_kvm,65536,1.3566283e-05
tmpfs_runsc_kvm,65536,1.1591921e-05
tmpfs_runsc_kvm,65536,1.3442988e-05
tmpfs_runsc_kvm,65536,1.158581e-05
tmpfs_runsc_kvm,65536,1.4183316e-05
tmpfs_runsc_kvm,65536,1.3654259e-05
tmpfs_runsc_kvm,65536,1.1803666e-05
tmpfs_runsc_kvm,65536,1.3961455e-05
tmpfs_runsc_kvm,65536,1.1572414e-05
tmpfs_runsc_kvm,65536,1.363116e-05
tmpfs_runsc_kvm,65536,1.3233102e-05
tmpfs_runsc_kvm,65536,1.3977223e-05
tmpfs_runsc_kvm,65536,1.1681079e-05
tmpfs_runsc_kvm,65536,1.3223404e-05
tmpfs_runsc_kvm,65536,1.1602726e-05
tmpfs_runsc_kvm,65536,1.167295e-05
tmpfs_runsc_kvm,65536,1.184005e-05
tmpfs_runsc_kvm,65536,1.1516851e-05
tmpfs_runsc_kvm,65536,1.3653161e-05
tmpfs_runsc_kvm,65536,1.3164704e-05
tmpfs_runsc_kvm,65536,1.3657876e-05
tmpfs_runsc_kvm,65536,1.2985825e-05
tmpfs_runsc_kvm,65536,1.4279211e-05
tmpfs_runsc_kvm,65536,1.3601902e-05
tmpfs_runsc_kvm,65536,1.1520704e-05
tmpfs_runsc_kvm,65536,1.1688018e-05
tmpfs_runsc_kvm,65536,1.3323703e-05
tmpfs_runsc_kvm,65536,1.1508497e-05
tmpfs_runsc_kvm,65536,1.2921313e-05
tmpfs_runsc_kvm,65536,1.1586646e-05
tmpfs_runsc_kvm,65536,1.3359167e-05
tmpfs_runsc_kvm,65536,1.1388533e-05
tmpfs_runsc_kvm,65536,1.1603248e-05
tmpfs_runsc_kvm,65536,1.1839867e-05
tmpfs_runsc_kvm,65536,1.341198e-05
tmpfs_runsc_kvm,65536,1.4831846e-05
tmpfs_runsc_kvm,65536,1.4466031e-05
tmpfs_runsc_kvm,65536,1.3438859e-05
tmpfs_runsc_kvm,65536,1.1964858e-05
tmpfs_runsc_kvm,65536,1.4043262e-05
tmpfs_runsc_kvm,65536,1.1256278e-05
tmpfs_runsc_kvm,65536,1.1661965e-05
tmpfs_runsc_kvm,65536,1.3712944e-05
tmpfs_runsc_kvm,65536,1.3936336e-05
tmpfs_runsc_kvm,65536,1.4089113e-05
tmpfs_runsc_kvm,65536,1.1648869e-05
tmpfs_runsc_kvm,65536,1.1788644e-05
tmpfs_runsc_kvm,65536,1.1601445e-05
tmpfs_runsc_kvm,65536,1.1371041e-05
tmpfs_runsc_kvm,65536,1.4110778e-05
tmpfs_runsc_kvm,65536,1.1410257e-05
tmpfs_runsc_kvm,65536,1.1419104e-05
tmpfs_runsc_kvm,65536,1.1327019e-05
tmpfs_runsc_kvm,65536,1.1742933e-05
tmpfs_runsc_kvm,65536,1.1398697e-05
tmpfs_runsc_kvm,65536,1.3127928e-05
tmpfs_runsc_kvm,65536,1.3849127e-05
tmpfs_runsc_kvm,65536,1.3111448e-05
tmpfs_runsc_kvm,65536,1.1465836e-05
tmpfs_runsc_kvm,65536,1.3648098e-05
tmpfs_runsc_kvm,65536,1.3357119e-05
tmpfs_runsc_kvm,65536,1.2560386e-05
tmpfs_runsc_kvm,65536,1.1127025e-05
tmpfs_runsc_kvm,65536,1.107085e-05
tmpfs_runsc_kvm,65536,1.1784665e-05
tmpfs_runsc_kvm,65536,1.1248489e-05
tmpfs_runsc_kvm,65536,1.1104376e-05
tmpfs_runsc_kvm,65536,1.3920068e-05
tmpfs_runsc_kvm,65536,1.1681812e-05
tmpfs_runsc_kvm,65536,1.0764807e-05
tmpfs_runsc_kvm,65536,1.0932754e-05
tmpfs_runsc_kvm,65536,1.33075e-05
tmpfs_runsc_kvm,65536,1.3408762e-05
tmpfs_runsc_kvm,65536,1.1415011e-05
tmpfs_runsc_kvm,65536,1.2922265e-05
tmpfs_runsc_kvm,65536,1.1874726e-05
tmpfs_runsc_kvm,65536,1.4285847e-05
tmpfs_runsc_kvm,65536,1.3317006e-05
tmpfs_runsc_kvm,65536,1.0828668e-05
tmpfs_runsc_kvm,65536,1.3249205e-05
tmpfs_runsc_kvm,65536,1.3107056e-05
tmpfs_runsc_kvm,65536,1.2709966e-05
tmpfs_runsc_kvm,65536,1.1463332e-05
tmpfs_runsc_kvm,65536,1.3732471e-05
tmpfs_runsc_kvm,65536,1.3168758e-05
tmpfs_runsc_kvm,65536,1.45842e-05
tmpfs_runsc_kvm,65536,1.1521099e-05
tmpfs_runsc_kvm,65536,1.4141995e-05
tmpfs_runsc_kvm,65536,1.3243237e-05
tmpfs_runsc_kvm,65536,1.1629995e-05
tmpfs_runsc_kvm,262144,4.3269705e-05
tmpfs_runsc_kvm,262144,4.2726857e-05
tmpfs_runsc_kvm,262144,3.8168298e-05
tmpfs_runsc_kvm,262144,4.0371113e-05
tmpfs_runsc_kvm,262144,4.0199451e-05
tmpfs_runsc_kvm,262144,4.3608703e-05
tmpfs_runsc_kvm,262144,4.0006475e-05
tmpfs_runsc_kvm,262144,3.9733863e-05
tmpfs_runsc_kvm,262144,3.9929921e-05
tmpfs_runsc_kvm,262144,4.6218625e-05
tmpfs_runsc_kvm,262144,4.0656843e-05
tmpfs_runsc_kvm,262144,3.9013063e-05
tmpfs_runsc_kvm,262144,3.9697388e-05
tmpfs_runsc_kvm,262144,4.4729222e-05
tmpfs_runsc_kvm,262144,4.1641852e-05
tmpfs_runsc_kvm,262144,4.0570449e-05
tmpfs_runsc_kvm,262144,4.1719155e-05
tmpfs_runsc_kvm,262144,4.1124658e-05
tmpfs_runsc_kvm,262144,3.8015431e-05
tmpfs_runsc_kvm,262144,4.0287941e-05
tmpfs_runsc_kvm,262144,3.9227263e-05
tmpfs_runsc_kvm,262144,3.8489728e-05
tmpfs_runsc_kvm,262144,4.047533e-05
tmpfs_runsc_kvm,262144,4.4182158e-05
tmpfs_runsc_kvm,262144,3.9294897e-05
tmpfs_runsc_kvm,262144,4.1658477e-05
tmpfs_runsc_kvm,262144,4.0434461e-05
tmpfs_runsc_kvm,262144,4.1105701e-05
tmpfs_runsc_kvm,262144,3.9536408e-05
tmpfs_runsc_kvm,262144,3.990209e-05
tmpfs_runsc_kvm,262144,3.9441053e-05
tmpfs_runsc_kvm,262144,4.9829239e-05
tmpfs_runsc_kvm,262144,3.8863789e-05
tmpfs_runsc_kvm,262144,4.351807e-05
tmpfs_runsc_kvm,262144,3.9467992e-05
tmpfs_runsc_kvm,262144,4.7941368e-05
tmpfs_runsc_kvm,262144,3.7480149e-05
tmpfs_runsc_kvm,262144,3.8308764e-05
tmpfs_runsc_kvm,262144,4.5976372e-05
tmpfs_runsc_kvm,262144,4.1161868e-05
tmpfs_runsc_kvm,262144,4.6294161e-05
tmpfs_runsc_kvm,262144,4.0564948e-05
tmpfs_runsc_kvm,262144,3.8494974e-05
tmpfs_runsc_kvm,262144,4.1113075e-05
tmpfs_runsc_kvm,262144,3.8480572e-05
tmpfs_runsc_kvm,262144,3.7413032e-05
tmpfs_runsc_kvm,262144,4.210394e-05
tmpfs_runsc_kvm,262144,4.6887366e-05
tmpfs_runsc_kvm,262144,3.8531027e-05
tmpfs_runsc_kvm,262144,3.8496128e-05
tmpfs_runsc_kvm,262144,4.7358863e-05
tmpfs_runsc_kvm,262144,4.0366602e-05
tmpfs_runsc_kvm,262144,4.0764709e-05
tmpfs_runsc_kvm,262144,3.9425602e-05
tmpfs_runsc_kvm,262144,4.1314765e-05
tmpfs_runsc_kvm,262144,3.7884256e-05
tmpfs_runsc_kvm,262144,3.8209222e-05
tmpfs_runsc_kvm,262144,3.7212762e-05
tmpfs_runsc_kvm,262144,4.6102272e-05
tmpfs_runsc_kvm,262144,3.8929826e-05
tmpfs_runsc_kvm,262144,3.7883277e-05
tmpfs_runsc_kvm,262144,4.0697389e-05
tmpfs_runsc_kvm,262144,3.9375165e-05
tmpfs_runsc_kvm,262144,3.9339193e-05
tmpfs_runsc_kvm,262144,3.9013648e-05
tmpfs_runsc_kvm,262144,4.0266452e-05
tmpfs_runsc_kvm,262144,5.1160394e-05
tmpfs_runsc_kvm,262144,3.7303635e-05
tmpfs_runsc_kvm,262144,5.0850082e-05
tmpfs_runsc_kvm,262144,4.2460641e-05
tmpfs_runsc_kvm,262144,4.101139e-05
tmpfs_runsc_kvm,262144,4.057592e-05
tmpfs_runsc_kvm,262144,4.1131021e-05
tmpfs_runsc_kvm,262144,3.7471687e-05
tmpfs_runsc_kvm,262144,3.9122635e-05
tmpfs_runsc_kvm,262144,4.764754e-05
tmpfs_runsc_kvm,262144,3.7731013e-05
tmpfs_runsc_kvm,262144,4.1442876e-05
tmpfs_runsc_kvm,262144,5.0150691e-05
tmpfs_runsc_kvm,262144,3.7710051e-05
tmpfs_runsc_kvm,262144,3.9308052e-05
tmpfs_runsc_kvm,262144,4.2274343e-05
tmpfs_runsc_kvm,262144,4.0779338e-05
tmpfs_runsc_kvm,262144,4.1021704e-05
tmpfs_runsc_kvm,262144,3.9204151e-05
tmpfs_runsc_kvm,262144,4.9116225e-05
tmpfs_runsc_kvm,262144,4.4816697e-05
tmpfs_runsc_kvm,262144,3.8724571e-05
tmpfs_runsc_kvm,262144,4.601512e-05
tmpfs_runsc_kvm,262144,4.8472077e-05
tmpfs_runsc_kvm,262144,4.0431518e-05
tmpfs_runsc_kvm,262144,3.8416463e-05
tmpfs_runsc_kvm,262144,5.2746764e-05
tmpfs_runsc_kvm,262144,4.111381e-05
tmpfs_runsc_kvm,262144,3.8181875e-05
tmpfs_runsc_kvm,262144,4.0903691e-05
tmpfs_runsc_kvm,262144,3.682456e-05
tmpfs_runsc_kvm,262144,3.9891533e-05
tmpfs_runsc_kvm,262144,3.9161016e-05
tmpfs_runsc_kvm,262144,4.4232012e-05
tmpfs_runsc_kvm,4096,8.060189e-06
tmpfs_runsc_kvm,4096,7.032433e-06
tmpfs_runsc_kvm,4096,7.281887e-06
tmpfs_runsc_kvm,4096,7.35684e-06
tmpfs_runsc_kvm,4096,6.778547e-06
tmpfs_runsc_kvm,4096,6.97851e-06
tmpfs_runsc_kvm,4096,7.055865e-06
tmpfs_runsc_kvm,4096,7.86119e-06
tmpfs_runsc_kvm,4096,7.109243e-06
tmpfs_runsc_kvm,4096,6.714145e-06
tmpfs_runsc_kvm,4096,7.537563e-06
tmpfs_runsc_kvm,4096,6.589539e-06
tmpfs_runsc_kvm,4096,7.426898e-06
tmpfs_runsc_kvm,4096,7.304099e-06
tmpfs_runsc_kvm,4096,7.184962e-06
tmpfs_runsc_kvm,4096,7.110418e-06
tmpfs_runsc_kvm,4096,6.680371e-06
tmpfs_runsc_kvm,4096,7.279972e-06
tmpfs_runsc_kvm,4096,7.186438e-06
tmpfs_runsc_kvm,4096,7.236668e-06
tmpfs_runsc_kvm,4096,7.179851e-06
tmpfs_runsc_kvm,4096,7.226203e-06
tmpfs_runsc_kvm,4096,7.316212e-06
tmpfs_runsc_kvm,4096,7.583663e-06
tmpfs_runsc_kvm,4096,7.433552e-06
tmpfs_runsc_kvm,4096,6.840204e-06
tmpfs_runsc_kvm,4096,7.511695e-06
tmpfs_runsc_kvm,4096,7.073046e-06
tmpfs_runsc_kvm,4096,7.384423e-06
tmpfs_runsc_kvm,4096,6.886486e-06
tmpfs_runsc_kvm,4096,7.475262e-06
tmpfs_runsc_kvm,4096,7.171574e-06
tmpfs_runsc_kvm,4096,7.223497e-06
tmpfs_runsc_kvm,4096,6.901524e-06
tmpfs_runsc_kvm,4096,7.547967e-06
tmpfs_runsc_kvm,4096,6.604126e-06
tmpfs_runsc_kvm,4096,7.675195e-06
tmpfs_runsc_kvm,4096,6.979371e-06
tmpfs_runsc_kvm,4096,7.020557e-06
tmpfs_runsc_kvm,4096,7.314418e-06
tmpfs_runsc_kvm,4096,7.393262e-06
tmpfs_runsc_kvm,4096,7.298581e-06
tmpfs_runsc_kvm,4096,6.578147e-06
tmpfs_runsc_kvm,4096,6.278171e-06
tmpfs_runsc_kvm,4096,7.472718e-06
tmpfs_runsc_kvm,4096,7.015723e-06
tmpfs_runsc_kvm,4096,7.170944e-06
tmpfs_runsc_kvm,4096,7.221685e-06
tmpfs_runsc_kvm,4096,6.833961e-06
tmpfs_runsc_kvm,4096,6.963594e-06
tmpfs_runsc_kvm,4096,6.981057e-06
tmpfs_runsc_kvm,4096,7.263546e-06
tmpfs_runsc_kvm,4096,7.085017e-06
tmpfs_runsc_kvm,4096,7.500905e-06
tmpfs_runsc_kvm,4096,7.057997e-06
tmpfs_runsc_kvm,4096,7.140644e-06
tmpfs_runsc_kvm,4096,7.130943e-06
tmpfs_runsc_kvm,4096,7.234485e-06
tmpfs_runsc_kvm,4096,6.970479e-06
tmpfs_runsc_kvm,4096,6.918092e-06
tmpfs_runsc_kvm,4096,7.463004e-06
tmpfs_runsc_kvm,4096,7.005499e-06
tmpfs_runsc_kvm,4096,6.963416e-06
tmpfs_runsc_kvm,4096,7.565229e-06
tmpfs_runsc_kvm,4096,7.147432e-06
tmpfs_runsc_kvm,4096,6.982681e-06
tmpfs_runsc_kvm,4096,7.129944e-06
tmpfs_runsc_kvm,4096,7.416445e-06
tmpfs_runsc_kvm,4096,7.285217e-06
tmpfs_runsc_kvm,4096,7.397021e-06
tmpfs_runsc_kvm,4096,7.120198e-06
tmpfs_runsc_kvm,4096,7.261156e-06
tmpfs_runsc_kvm,4096,6.501872e-06
tmpfs_runsc_kvm,4096,7.072213e-06
tmpfs_runsc_kvm,4096,7.308996e-06
tmpfs_runsc_kvm,4096,7.336043e-06
tmpfs_runsc_kvm,4096,6.950285e-06
tmpfs_runsc_kvm,4096,7.124227e-06
tmpfs_runsc_kvm,4096,7.241414e-06
tmpfs_runsc_kvm,4096,7.106168e-06
tmpfs_runsc_kvm,4096,7.184468e-06
tmpfs_runsc_kvm,4096,6.89444e-06
tmpfs_runsc_kvm,4096,7.186933e-06
tmpfs_runsc_kvm,4096,6.834912e-06
tmpfs_runsc_kvm,4096,6.896443e-06
tmpfs_runsc_kvm,4096,6.971054e-06
tmpfs_runsc_kvm,4096,6.789926e-06
tmpfs_runsc_kvm,4096,7.036695e-06
tmpfs_runsc_kvm,4096,7.286746e-06
tmpfs_runsc_kvm,4096,7.591163e-06
tmpfs_runsc_kvm,4096,6.972394e-06
tmpfs_runsc_kvm,4096,6.685361e-06
tmpfs_runsc_kvm,4096,6.890367e-06
tmpfs_runsc_kvm,4096,7.524502e-06
tmpfs_runsc_kvm,4096,7.210664e-06
tmpfs_runsc_kvm,4096,6.995556e-06
tmpfs_runsc_kvm,4096,7.309753e-06
tmpfs_runsc_kvm,4096,7.342841e-06
tmpfs_runsc_kvm,4096,7.080523e-06
tmpfs_runsc_kvm,4096,6.954792e-06
tmpfs_runsc_ptrace,1048576,0.000182054631
tmpfs_runsc_ptrace,1048576,0.000180334479
tmpfs_runsc_ptrace,1048576,0.000175794703
tmpfs_runsc_ptrace,1048576,0.000173029359
tmpfs_runsc_ptrace,1048576,0.000176835878
tmpfs_runsc_ptrace,1048576,0.000178424365
tmpfs_runsc_ptrace,1048576,0.000174369037
tmpfs_runsc_ptrace,1048576,0.000176166664
tmpfs_runsc_ptrace,1048576,0.000165810416
tmpfs_runsc_ptrace,1048576,0.000181459138
tmpfs_runsc_ptrace,1048576,0.000171787484
tmpfs_runsc_ptrace,1048576,0.000174945875
tmpfs_runsc_ptrace,1048576,0.000192444146
tmpfs_runsc_ptrace,1048576,0.000168616694
tmpfs_runsc_ptrace,1048576,0.000171213076
tmpfs_runsc_ptrace,1048576,0.000194637163
tmpfs_runsc_ptrace,1048576,0.000196683497
tmpfs_runsc_ptrace,1048576,0.000176399655
tmpfs_runsc_ptrace,1048576,0.000173673339
tmpfs_runsc_ptrace,1048576,0.000173013861
tmpfs_runsc_ptrace,1048576,0.000181028474
tmpfs_runsc_ptrace,1048576,0.000213092251
tmpfs_runsc_ptrace,1048576,0.000184238554
tmpfs_runsc_ptrace,1048576,0.000174982473
tmpfs_runsc_ptrace,1048576,0.000173242952
tmpfs_runsc_ptrace,1048576,0.000198480586
tmpfs_runsc_ptrace,1048576,0.000198998066
tmpfs_runsc_ptrace,1048576,0.000161728865
tmpfs_runsc_ptrace,1048576,0.000209991194
tmpfs_runsc_ptrace,1048576,0.000179480252
tmpfs_runsc_ptrace,1048576,0.000179858253
tmpfs_runsc_ptrace,1048576,0.000185820725
tmpfs_runsc_ptrace,1048576,0.000176858361
tmpfs_runsc_ptrace,1048576,0.00017133911
tmpfs_runsc_ptrace,1048576,0.000173142224
tmpfs_runsc_ptrace,1048576,0.000175112145
tmpfs_runsc_ptrace,1048576,0.000171502033
tmpfs_runsc_ptrace,1048576,0.000180586401
tmpfs_runsc_ptrace,1048576,0.000175349938
tmpfs_runsc_ptrace,1048576,0.000209808772
tmpfs_runsc_ptrace,1048576,0.000172782529
tmpfs_runsc_ptrace,1048576,0.000169322127
tmpfs_runsc_ptrace,1048576,0.000174908215
tmpfs_runsc_ptrace,1048576,0.000185310913
tmpfs_runsc_ptrace,1048576,0.00017560758
tmpfs_runsc_ptrace,1048576,0.000157848976
tmpfs_runsc_ptrace,1048576,0.000178959992
tmpfs_runsc_ptrace,1048576,0.000167636681
tmpfs_runsc_ptrace,1048576,0.000178245042
tmpfs_runsc_ptrace,1048576,0.000173239168
tmpfs_runsc_ptrace,1048576,0.000214999556
tmpfs_runsc_ptrace,1048576,0.000208459111
tmpfs_runsc_ptrace,1048576,0.000228286954
tmpfs_runsc_ptrace,1048576,0.00016426103
tmpfs_runsc_ptrace,1048576,0.000177562542
tmpfs_runsc_ptrace,1048576,0.000183767363
tmpfs_runsc_ptrace,1048576,0.000165820806
tmpfs_runsc_ptrace,1048576,0.000172296961
tmpfs_runsc_ptrace,1048576,0.000175071895
tmpfs_runsc_ptrace,1048576,0.000170391257
tmpfs_runsc_ptrace,1048576,0.000168328566
tmpfs_runsc_ptrace,1048576,0.000176334608
tmpfs_runsc_ptrace,1048576,0.000201673553
tmpfs_runsc_ptrace,1048576,0.000165474514
tmpfs_runsc_ptrace,1048576,0.000217622553
tmpfs_runsc_ptrace,1048576,0.000205319404
tmpfs_runsc_ptrace,1048576,0.000161188829
tmpfs_runsc_ptrace,1048576,0.000194285181
tmpfs_runsc_ptrace,1048576,0.000179733106
tmpfs_runsc_ptrace,1048576,0.000181639421
tmpfs_runsc_ptrace,1048576,0.000176430316
tmpfs_runsc_ptrace,1048576,0.000214328669
tmpfs_runsc_ptrace,1048576,0.000202950381
tmpfs_runsc_ptrace,1048576,0.000193644431
tmpfs_runsc_ptrace,1048576,0.000178789502
tmpfs_runsc_ptrace,1048576,0.000158774361
tmpfs_runsc_ptrace,1048576,0.00022503511
tmpfs_runsc_ptrace,1048576,0.00018932682
tmpfs_runsc_ptrace,1048576,0.00017261233
tmpfs_runsc_ptrace,1048576,0.000174192028
tmpfs_runsc_ptrace,1048576,0.000177854556
tmpfs_runsc_ptrace,1048576,0.000177475304
tmpfs_runsc_ptrace,1048576,0.000173703884
tmpfs_runsc_ptrace,1048576,0.000175150315
tmpfs_runsc_ptrace,1048576,0.000179087161
tmpfs_runsc_ptrace,1048576,0.000169457984
tmpfs_runsc_ptrace,1048576,0.000177376423
tmpfs_runsc_ptrace,1048576,0.000168983242
tmpfs_runsc_ptrace,1048576,0.000176550864
tmpfs_runsc_ptrace,1048576,0.000201594521
tmpfs_runsc_ptrace,1048576,0.00017489017
tmpfs_runsc_ptrace,1048576,0.000201561343
tmpfs_runsc_ptrace,1048576,0.000161723932
tmpfs_runsc_ptrace,1048576,0.000174055065
tmpfs_runsc_ptrace,1048576,0.000164450379
tmpfs_runsc_ptrace,1048576,0.000163736608
tmpfs_runsc_ptrace,1048576,0.00020224163
tmpfs_runsc_ptrace,1048576,0.000177573165
tmpfs_runsc_ptrace,1048576,0.000172324784
tmpfs_runsc_ptrace,1048576,0.000173397319
tmpfs_bare,4096,9.52976e-07
tmpfs_bare,4096,9.4401e-07
tmpfs_bare,4096,9.48624e-07
tmpfs_bare,4096,9.12853e-07
tmpfs_bare,4096,9.31483e-07
tmpfs_bare,4096,9.42579e-07
tmpfs_bare,4096,9.43906e-07
tmpfs_bare,4096,9.5795e-07
tmpfs_bare,4096,9.77955e-07
tmpfs_bare,4096,9.51797e-07
tmpfs_bare,4096,9.89494e-07
tmpfs_bare,4096,9.39325e-07
tmpfs_bare,4096,9.74482e-07
tmpfs_bare,4096,9.58847e-07
tmpfs_bare,4096,9.2957e-07
tmpfs_bare,4096,9.34237e-07
tmpfs_bare,4096,9.63695e-07
tmpfs_bare,4096,9.47985e-07
tmpfs_bare,4096,9.71964e-07
tmpfs_bare,4096,9.37744e-07
tmpfs_bare,4096,9.33988e-07
tmpfs_bare,4096,9.2328e-07
tmpfs_bare,4096,9.82307e-07
tmpfs_bare,4096,9.93947e-07
tmpfs_bare,4096,9.18977e-07
tmpfs_bare,4096,9.19648e-07
tmpfs_bare,4096,9.37574e-07
tmpfs_bare,4096,9.48377e-07
tmpfs_bare,4096,9.65071e-07
tmpfs_bare,4096,9.47095e-07
tmpfs_bare,4096,9.57278e-07
tmpfs_bare,4096,9.35632e-07
tmpfs_bare,4096,9.3648e-07
tmpfs_bare,4096,9.31228e-07
tmpfs_bare,4096,9.41751e-07
tmpfs_bare,4096,9.19127e-07
tmpfs_bare,4096,9.65407e-07
tmpfs_bare,4096,9.30348e-07
tmpfs_bare,4096,9.52416e-07
tmpfs_bare,4096,9.6409e-07
tmpfs_bare,4096,9.51027e-07
tmpfs_bare,4096,9.55475e-07
tmpfs_bare,4096,9.45001e-07
tmpfs_bare,4096,9.59879e-07
tmpfs_bare,4096,9.17498e-07
tmpfs_bare,4096,9.52153e-07
tmpfs_bare,4096,9.64038e-07
tmpfs_bare,4096,9.61166e-07
tmpfs_bare,4096,9.65294e-07
tmpfs_bare,4096,9.96554e-07
tmpfs_bare,4096,9.52274e-07
tmpfs_bare,4096,9.43511e-07
tmpfs_bare,4096,9.66035e-07
tmpfs_bare,4096,9.8903e-07
tmpfs_bare,4096,9.47602e-07
tmpfs_bare,4096,9.51612e-07
tmpfs_bare,4096,9.82731e-07
tmpfs_bare,4096,9.51585e-07
tmpfs_bare,4096,1.00299e-06
tmpfs_bare,4096,9.36189e-07
tmpfs_bare,4096,9.68735e-07
tmpfs_bare,4096,9.97163e-07
tmpfs_bare,4096,9.31553e-07
tmpfs_bare,4096,9.44115e-07
tmpfs_bare,4096,9.3352e-07
tmpfs_bare,4096,9.70323e-07
tmpfs_bare,4096,9.72429e-07
tmpfs_bare,4096,9.73381e-07
tmpfs_bare,4096,9.53121e-07
tmpfs_bare,4096,9.98317e-07
tmpfs_bare,4096,9.71746e-07
tmpfs_bare,4096,9.427e-07
tmpfs_bare,4096,9.77964e-07
tmpfs_bare,4096,9.45025e-07
tmpfs_bare,4096,9.3678e-07
tmpfs_bare,4096,9.42263e-07
tmpfs_bare,4096,9.92617e-07
tmpfs_bare,4096,9.64171e-07
tmpfs_bare,4096,9.40034e-07
tmpfs_bare,4096,9.66242e-07
tmpfs_bare,4096,9.68447e-07
tmpfs_bare,4096,9.50301e-07
tmpfs_bare,4096,9.84523e-07
tmpfs_bare,4096,9.88611e-07
tmpfs_bare,4096,9.76297e-07
tmpfs_bare,4096,9.75633e-07
tmpfs_bare,4096,9.68419e-07
tmpfs_bare,4096,9.46809e-07
tmpfs_bare,4096,9.81301e-07
tmpfs_bare,4096,9.41314e-07
tmpfs_bare,4096,9.70257e-07
tmpfs_bare,4096,9.52443e-07
tmpfs_bare,4096,9.61613e-07
tmpfs_bare,4096,9.88015e-07
tmpfs_bare,4096,9.82676e-07
tmpfs_bare,4096,9.56529e-07
tmpfs_bare,4096,9.74201e-07
tmpfs_bare,4096,9.75247e-07
tmpfs_bare,4096,9.81304e-07
tmpfs_bare,4096,9.74532e-07
tmpfs_bare,1048576,0.000175640729
tmpfs_bare,1048576,0.000175322857
tmpfs_bare,1048576,0.00017524221
tmpfs_bare,1048576,0.000175869471
tmpfs_bare,1048576,0.000175512803
tmpfs_bare,1048576,0.000175969108
tmpfs_bare,1048576,0.000175425244
tmpfs_bare,1048576,0.000176268775
tmpfs_bare,1048576,0.000175763402
tmpfs_bare,1048576,0.000175220892
tmpfs_bare,1048576,0.00017812445
tmpfs_bare,1048576,0.000176456902
tmpfs_bare,1048576,0.000175324079
tmpfs_bare,1048576,0.000174892528
tmpfs_bare,1048576,0.000176726986
tmpfs_bare,1048576,0.000175370878
tmpfs_bare,1048576,0.000175941925
tmpfs_bare,1048576,0.000176844202
tmpfs_bare,1048576,0.000177197813
tmpfs_bare,1048576,0.00017641703
tmpfs_bare,1048576,0.000176399859
tmpfs_bare,1048576,0.00017754377
tmpfs_bare,1048576,0.000175016161
tmpfs_bare,1048576,0.000176602931
tmpfs_bare,1048576,0.000176094385
tmpfs_bare,1048576,0.000176642003
tmpfs_bare,1048576,0.000175183464
tmpfs_bare,1048576,0.000175895722
tmpfs_bare,1048576,0.000176813104
tmpfs_bare,1048576,0.000175482375
tmpfs_bare,1048576,0.00017516542
tmpfs_bare,1048576,0.000176169866
tmpfs_bare,1048576,0.000184489341
tmpfs_bare,1048576,0.000177050388
tmpfs_bare,1048576,0.000175239315
tmpfs_bare,1048576,0.000177109381
tmpfs_bare,1048576,0.000175321067
tmpfs_bare,1048576,0.000175728841
tmpfs_bare,1048576,0.00017618078
tmpfs_bare,1048576,0.000174760324
tmpfs_bare,1048576,0.000175596811
tmpfs_bare,1048576,0.000174466128
tmpfs_bare,1048576,0.000175181849
tmpfs_bare,1048576,0.000174735513
tmpfs_bare,1048576,0.000174982604
tmpfs_bare,1048576,0.000175827445
tmpfs_bare,1048576,0.000174518922
tmpfs_bare,1048576,0.00017573213
tmpfs_bare,1048576,0.000175654757
tmpfs_bare,1048576,0.000177522321
tmpfs_bare,1048576,0.000180419345
tmpfs_bare,1048576,0.00017469647
tmpfs_bare,1048576,0.000176226386
tmpfs_bare,1048576,0.000174920773
tmpfs_bare,1048576,0.000174921821
tmpfs_bare,1048576,0.000175398905
tmpfs_bare,1048576,0.000173986467
tmpfs_bare,1048576,0.000175957102
tmpfs_bare,1048576,0.000174927962
tmpfs_bare,1048576,0.000174757486
tmpfs_bare,1048576,0.000174921952
tmpfs_bare,1048576,0.000175838533
tmpfs_bare,1048576,0.000175026595
tmpfs_bare,1048576,0.000174632441
tmpfs_bare,1048576,0.000174723842
tmpfs_bare,1048576,0.000174709916
tmpfs_bare,1048576,0.000175182518
tmpfs_bare,1048576,0.000176524831
tmpfs_bare,1048576,0.00017484228
tmpfs_bare,1048576,0.000175022884
tmpfs_bare,1048576,0.000178049493
tmpfs_bare,1048576,0.000174514134
tmpfs_bare,1048576,0.000174635221
tmpfs_bare,1048576,0.000176717294
tmpfs_bare,1048576,0.000175160996
tmpfs_bare,1048576,0.000175341716
tmpfs_bare,1048576,0.000174272631
tmpfs_bare,1048576,0.000175835434
tmpfs_bare,1048576,0.000173261331
tmpfs_bare,1048576,0.000174901405
tmpfs_bare,1048576,0.00017368095
tmpfs_bare,1048576,0.000175702109
tmpfs_bare,1048576,0.00017513991
tmpfs_bare,1048576,0.000177140566
tmpfs_bare,1048576,0.000174722038
tmpfs_bare,1048576,0.000176467176
tmpfs_bare,1048576,0.000175248686
tmpfs_bare,1048576,0.000175536654
tmpfs_bare,1048576,0.000173927227
tmpfs_bare,1048576,0.000175324967
tmpfs_bare,1048576,0.000167863909
tmpfs_bare,1048576,0.000175397625
tmpfs_bare,1048576,0.000177927664
tmpfs_bare,1048576,0.000175004287
tmpfs_bare,1048576,0.000175259076
tmpfs_bare,1048576,0.000176688409
tmpfs_bare,1048576,0.000175516689
tmpfs_bare,1048576,0.000176006361
tmpfs_bare,1048576,0.000174968707
tmpfs_bare,1048576,0.000175488341
tmpfs_bare,65536,1.0592375e-05
tmpfs_bare,65536,1.0401785e-05
tmpfs_bare,65536,1.056244e-05
tmpfs_bare,65536,1.0467978e-05
tmpfs_bare,65536,1.0474653e-05
tmpfs_bare,65536,1.0346391e-05
tmpfs_bare,65536,1.0497455e-05
tmpfs_bare,65536,1.046992e-05
tmpfs_bare,65536,1.0492995e-05
tmpfs_bare,65536,1.0543818e-05
tmpfs_bare,65536,1.0457908e-05
tmpfs_bare,65536,1.035923e-05
tmpfs_bare,65536,1.0461717e-05
tmpfs_bare,65536,1.0462721e-05
tmpfs_bare,65536,1.0456525e-05
tmpfs_bare,65536,1.0514879e-05
tmpfs_bare,65536,1.0516018e-05
tmpfs_bare,65536,1.0447468e-05
tmpfs_bare,65536,1.0506785e-05
tmpfs_bare,65536,1.0455727e-05
tmpfs_bare,65536,1.0565362e-05
tmpfs_bare,65536,1.0485853e-05
tmpfs_bare,65536,1.0471176e-05
tmpfs_bare,65536,1.3444073e-05
tmpfs_bare,65536,1.0359817e-05
tmpfs_bare,65536,1.0362687e-05
tmpfs_bare,65536,1.0476889e-05
tmpfs_bare,65536,1.0439939e-05
tmpfs_bare,65536,1.0447583e-05
tmpfs_bare,65536,1.0348117e-05
tmpfs_bare,65536,1.0450256e-05
tmpfs_bare,65536,1.036604e-05
tmpfs_bare,65536,1.0446024e-05
tmpfs_bare,65536,1.0459472e-05
tmpfs_bare,65536,1.0361008e-05
tmpfs_bare,65536,1.0347451e-05
tmpfs_bare,65536,1.0467622e-05
tmpfs_bare,65536,1.0459844e-05
tmpfs_bare,65536,1.0438009e-05
tmpfs_bare,65536,1.0438447e-05
tmpfs_bare,65536,1.0446071e-05
tmpfs_bare,65536,1.0345506e-05
tmpfs_bare,65536,1.043842e-05
tmpfs_bare,65536,1.044475e-05
tmpfs_bare,65536,1.0435976e-05
tmpfs_bare,65536,1.0453928e-05
tmpfs_bare,65536,1.0451393e-05
tmpfs_bare,65536,1.0382211e-05
tmpfs_bare,65536,1.0156406e-05
tmpfs_bare,65536,1.0362456e-05
tmpfs_bare,65536,1.0371144e-05
tmpfs_bare,65536,1.0468441e-05
tmpfs_bare,65536,1.0436715e-05
tmpfs_bare,65536,1.0503672e-05
tmpfs_bare,65536,1.0486676e-05
tmpfs_bare,65536,1.0473733e-05
tmpfs_bare,65536,1.0482399e-05
tmpfs_bare,65536,1.0360028e-05
tmpfs_bare,65536,1.0466582e-05
tmpfs_bare,65536,1.0497928e-05
tmpfs_bare,65536,1.0346098e-05
tmpfs_bare,65536,1.0350983e-05
tmpfs_bare,65536,1.0486638e-05
tmpfs_bare,65536,1.0365698e-05
tmpfs_bare,65536,1.0454933e-05
tmpfs_bare,65536,1.0594895e-05
tmpfs_bare,65536,1.0487782e-05
tmpfs_bare,65536,1.0369557e-05
tmpfs_bare,65536,1.0543526e-05
tmpfs_bare,65536,1.0558528e-05
tmpfs_bare,65536,1.0507885e-05
tmpfs_bare,65536,1.0550232e-05
tmpfs_bare,65536,1.0586698e-05
tmpfs_bare,65536,1.0461762e-05
tmpfs_bare,65536,1.0441794e-05
tmpfs_bare,65536,1.044442e-05
tmpfs_bare,65536,1.0374104e-05
tmpfs_bare,65536,1.044588e-05
tmpfs_bare,65536,1.0320195e-05
tmpfs_bare,65536,1.0452527e-05
tmpfs_bare,65536,1.0459291e-05
tmpfs_bare,65536,1.0506405e-05
tmpfs_bare,65536,1.0466521e-05
tmpfs_bare,65536,1.0467195e-05
tmpfs_bare,65536,1.0477124e-05
tmpfs_bare,65536,1.044202e-05
tmpfs_bare,65536,1.0458175e-05
tmpfs_bare,65536,1.0385515e-05
tmpfs_bare,65536,1.0504771e-05
tmpfs_bare,65536,1.0379134e-05
tmpfs_bare,65536,1.0493321e-05
tmpfs_bare,65536,1.0510117e-05
tmpfs_bare,65536,1.0466957e-05
tmpfs_bare,65536,1.0489227e-05
tmpfs_bare,65536,1.046076e-05
tmpfs_bare,65536,1.0370123e-05
tmpfs_bare,65536,1.049657e-05
tmpfs_bare,65536,1.0467656e-05
tmpfs_bare,65536,1.0472642e-05
tmpfs_bare,65536,1.0465702e-05
tmpfs_runsc_ptrace,16384,1.438042e-05
tmpfs_runsc_ptrace,16384,1.4139119e-05
tmpfs_runsc_ptrace,16384,1.3482424e-05
tmpfs_runsc_ptrace,16384,1.5022468e-05
tmpfs_runsc_ptrace,16384,1.4453482e-05
tmpfs_runsc_ptrace,16384,1.4356258e-05
tmpfs_runsc_ptrace,16384,1.4134734e-05
tmpfs_runsc_ptrace,16384,1.5354957e-05
tmpfs_runsc_ptrace,16384,1.421821e-05
tmpfs_runsc_ptrace,16384,1.4558884e-05
tmpfs_runsc_ptrace,16384,1.6268157e-05
tmpfs_runsc_ptrace,16384,1.1945306e-05
tmpfs_runsc_ptrace,16384,1.444435e-05
tmpfs_runsc_ptrace,16384,1.6938846e-05
tmpfs_runsc_ptrace,16384,1.4864406e-05
tmpfs_runsc_ptrace,16384,1.3598938e-05
tmpfs_runsc_ptrace,16384,1.4585522e-05
tmpfs_runsc_ptrace,16384,1.5019955e-05
tmpfs_runsc_ptrace,16384,1.3803063e-05
tmpfs_runsc_ptrace,16384,1.4813312e-05
tmpfs_runsc_ptrace,16384,1.3995185e-05
tmpfs_runsc_ptrace,16384,1.4398427e-05
tmpfs_runsc_ptrace,16384,1.4191469e-05
tmpfs_runsc_ptrace,16384,1.4985899e-05
tmpfs_runsc_ptrace,16384,1.424193e-05
tmpfs_runsc_ptrace,16384,1.4841042e-05
tmpfs_runsc_ptrace,16384,1.3054912e-05
tmpfs_runsc_ptrace,16384,1.4162908e-05
tmpfs_runsc_ptrace,16384,1.4562118e-05
tmpfs_runsc_ptrace,16384,1.3808208e-05
tmpfs_runsc_ptrace,16384,1.4294679e-05
tmpfs_runsc_ptrace,16384,1.4186746e-05
tmpfs_runsc_ptrace,16384,1.5322345e-05
tmpfs_runsc_ptrace,16384,1.4648042e-05
tmpfs_runsc_ptrace,16384,1.3944244e-05
tmpfs_runsc_ptrace,16384,1.4935486e-05
tmpfs_runsc_ptrace,16384,1.4392772e-05
tmpfs_runsc_ptrace,16384,1.4387515e-05
tmpfs_runsc_ptrace,16384,1.483878e-05
tmpfs_runsc_ptrace,16384,1.3052088e-05
tmpfs_runsc_ptrace,16384,1.5180099e-05
tmpfs_runsc_ptrace,16384,1.5587028e-05
tmpfs_runsc_ptrace,16384,1.4280336e-05
tmpfs_runsc_ptrace,16384,1.4521158e-05
tmpfs_runsc_ptrace,16384,1.451767e-05
tmpfs_runsc_ptrace,16384,1.4819979e-05
tmpfs_runsc_ptrace,16384,1.3445644e-05
tmpfs_runsc_ptrace,16384,1.2820041e-05
tmpfs_runsc_ptrace,16384,1.5077117e-05
tmpfs_runsc_ptrace,16384,1.3562254e-05
tmpfs_runsc_ptrace,16384,1.3787189e-05
tmpfs_runsc_ptrace,16384,1.4223599e-05
tmpfs_runsc_ptrace,16384,1.4953061e-05
tmpfs_runsc_ptrace,16384,1.4590592e-05
tmpfs_runsc_ptrace,16384,1.411138e-05
tmpfs_runsc_ptrace,16384,1.4698465e-05
tmpfs_runsc_ptrace,16384,1.3967219e-05
tmpfs_runsc_ptrace,16384,1.1803723e-05
tmpfs_runsc_ptrace,16384,1.4485729e-05
tmpfs_runsc_ptrace,16384,1.4366708e-05
tmpfs_runsc_ptrace,16384,1.4294581e-05
tmpfs_runsc_ptrace,16384,1.4685377e-05
tmpfs_runsc_ptrace,16384,1.5280184e-05
tmpfs_runsc_ptrace,16384,1.5036704e-05
tmpfs_runsc_ptrace,16384,1.5079818e-05
tmpfs_runsc_ptrace,16384,1.5553307e-05
tmpfs_runsc_ptrace,16384,1.2845128e-05
tmpfs_runsc_ptrace,16384,1.3066131e-05
tmpfs_runsc_ptrace,16384,1.47293e-05
tmpfs_runsc_ptrace,16384,1.3506196e-05
tmpfs_runsc_ptrace,16384,1.2764827e-05
tmpfs_runsc_ptrace,16384,1.584442e-05
tmpfs_runsc_ptrace,16384,1.5054006e-05
tmpfs_runsc_ptrace,16384,1.4202833e-05
tmpfs_runsc_ptrace,16384,1.42958e-05
tmpfs_runsc_ptrace,16384,1.5195292e-05
tmpfs_runsc_ptrace,16384,1.4713647e-05
tmpfs_runsc_ptrace,16384,1.450809e-05
tmpfs_runsc_ptrace,16384,1.5083638e-05
tmpfs_runsc_ptrace,16384,1.3427765e-05
tmpfs_runsc_ptrace,16384,1.4643314e-05
tmpfs_runsc_ptrace,16384,1.4945784e-05
tmpfs_runsc_ptrace,16384,1.3516454e-05
tmpfs_runsc_ptrace,16384,1.584394e-05
tmpfs_runsc_ptrace,16384,1.4302399e-05
tmpfs_runsc_ptrace,16384,1.4847964e-05
tmpfs_runsc_ptrace,16384,1.4459157e-05
tmpfs_runsc_ptrace,16384,1.2373258e-05
tmpfs_runsc_ptrace,16384,1.4203215e-05
tmpfs_runsc_ptrace,16384,1.371696e-05
tmpfs_runsc_ptrace,16384,1.4036073e-05
tmpfs_runsc_ptrace,16384,1.4600556e-05
tmpfs_runsc_ptrace,16384,1.587374e-05
tmpfs_runsc_ptrace,16384,1.5493388e-05
tmpfs_runsc_ptrace,16384,1.4107633e-05
tmpfs_runsc_ptrace,16384,1.5773196e-05
tmpfs_runsc_ptrace,16384,1.4571334e-05
tmpfs_runsc_ptrace,16384,1.2879362e-05
tmpfs_runsc_ptrace,16384,1.417933e-05
tmpfs_runsc_ptrace,16384,1.5029516e-05
tmpfs_runsc_ptrace,65536,2.496229e-05
tmpfs_runsc_ptrace,65536,2.471309e-05
tmpfs_runsc_ptrace,65536,3.0001542e-05
tmpfs_runsc_ptrace,65536,2.8028941e-05
tmpfs_runsc_ptrace,65536,2.8236018e-05
tmpfs_runsc_ptrace,65536,2.914982e-05
tmpfs_runsc_ptrace,65536,2.4265943e-05
tmpfs_runsc_ptrace,65536,2.9781193e-05
tmpfs_runsc_ptrace,65536,2.8539038e-05
tmpfs_runsc_ptrace,65536,2.9839439e-05
tmpfs_runsc_ptrace,65536,2.6599737e-05
tmpfs_runsc_ptrace,65536,2.4278304e-05
tmpfs_runsc_ptrace,65536,2.5161331e-05
tmpfs_runsc_ptrace,65536,2.9738832e-05
tmpfs_runsc_ptrace,65536,3.1433887e-05
tmpfs_runsc_ptrace,65536,2.5342526e-05
tmpfs_runsc_ptrace,65536,3.0264548e-05
tmpfs_runsc_ptrace,65536,2.9037896e-05
tmpfs_runsc_ptrace,65536,2.4283217e-05
tmpfs_runsc_ptrace,65536,2.3456256e-05
tmpfs_runsc_ptrace,65536,3.1169828e-05
tmpfs_runsc_ptrace,65536,3.2625787e-05
tmpfs_runsc_ptrace,65536,2.5153615e-05
tmpfs_runsc_ptrace,65536,3.1091186e-05
tmpfs_runsc_ptrace,65536,2.9676812e-05
tmpfs_runsc_ptrace,65536,2.4355466e-05
tmpfs_runsc_ptrace,65536,2.3244813e-05
tmpfs_runsc_ptrace,65536,2.6430116e-05
tmpfs_runsc_ptrace,65536,2.3818746e-05
tmpfs_runsc_ptrace,65536,2.4091645e-05
tmpfs_runsc_ptrace,65536,2.2970851e-05
tmpfs_runsc_ptrace,65536,3.124883e-05
tmpfs_runsc_ptrace,65536,2.5179685e-05
tmpfs_runsc_ptrace,65536,3.1384883e-05
tmpfs_runsc_ptrace,65536,2.9153001e-05
tmpfs_runsc_ptrace,65536,2.7464799e-05
tmpfs_runsc_ptrace,65536,2.7383061e-05
tmpfs_runsc_ptrace,65536,3.2443815e-05
tmpfs_runsc_ptrace,65536,2.4215546e-05
tmpfs_runsc_ptrace,65536,2.239996e-05
tmpfs_runsc_ptrace,65536,3.0091991e-05
tmpfs_runsc_ptrace,65536,2.5907808e-05
tmpfs_runsc_ptrace,65536,3.1185824e-05
tmpfs_runsc_ptrace,65536,2.4853203e-05
tmpfs_runsc_ptrace,65536,2.9329682e-05
tmpfs_runsc_ptrace,65536,2.6596384e-05
tmpfs_runsc_ptrace,65536,2.4322795e-05
tmpfs_runsc_ptrace,65536,2.2963297e-05
tmpfs_runsc_ptrace,65536,2.8950519e-05
tmpfs_runsc_ptrace,65536,2.8797689e-05
tmpfs_runsc_ptrace,65536,2.7937405e-05
tmpfs_runsc_ptrace,65536,2.6156058e-05
tmpfs_runsc_ptrace,65536,3.1548225e-05
tmpfs_runsc_ptrace,65536,3.0145531e-05
tmpfs_runsc_ptrace,65536,2.5104522e-05
tmpfs_runsc_ptrace,65536,2.5261559e-05
tmpfs_runsc_ptrace,65536,2.4073286e-05
tmpfs_runsc_ptrace,65536,2.6649835e-05
tmpfs_runsc_ptrace,65536,3.2137472e-05
tmpfs_runsc_ptrace,65536,2.5395102e-05
tmpfs_runsc_ptrace,65536,2.92268e-05
tmpfs_runsc_ptrace,65536,2.8224063e-05
tmpfs_runsc_ptrace,65536,2.4100298e-05
tmpfs_runsc_ptrace,65536,2.7643373e-05
tmpfs_runsc_ptrace,65536,2.8425609e-05
tmpfs_runsc_ptrace,65536,3.086693e-05
tmpfs_runsc_ptrace,65536,2.7133969e-05
tmpfs_runsc_ptrace,65536,2.7529379e-05
tmpfs_runsc_ptrace,65536,2.3039198e-05
tmpfs_runsc_ptrace,65536,2.6727424e-05
tmpfs_runsc_ptrace,65536,2.5273321e-05
tmpfs_runsc_ptrace,65536,2.6304633e-05
tmpfs_runsc_ptrace,65536,2.6595593e-05
tmpfs_runsc_ptrace,65536,2.3629382e-05
tmpfs_runsc_ptrace,65536,2.3672364e-05
tmpfs_runsc_ptrace,65536,2.9205163e-05
tmpfs_runsc_ptrace,65536,3.257372e-05
tmpfs_runsc_ptrace,65536,2.4411967e-05
tmpfs_runsc_ptrace,65536,2.6503043e-05
tmpfs_runsc_ptrace,65536,2.8677974e-05
tmpfs_runsc_ptrace,65536,2.5825371e-05
tmpfs_runsc_ptrace,65536,2.6066606e-05
tmpfs_runsc_ptrace,65536,2.5376532e-05
tmpfs_runsc_ptrace,65536,2.962518e-05
tmpfs_runsc_ptrace,65536,2.577809e-05
tmpfs_runsc_ptrace,65536,2.9354131e-05
tmpfs_runsc_ptrace,65536,3.4292378e-05
tmpfs_runsc_ptrace,65536,2.8937835e-05
tmpfs_runsc_ptrace,65536,2.9300838e-05
tmpfs_runsc_ptrace,65536,2.9342622e-05
tmpfs_runsc_ptrace,65536,3.0742081e-05
tmpfs_runsc_ptrace,65536,2.2930073e-05
tmpfs_runsc_ptrace,65536,2.8544737e-05
tmpfs_runsc_ptrace,65536,2.6340973e-05
tmpfs_runsc_ptrace,65536,3.3943146e-05
tmpfs_runsc_ptrace,65536,2.5819254e-05
tmpfs_runsc_ptrace,65536,2.8267794e-05
tmpfs_runsc_ptrace,65536,2.6800342e-05
tmpfs_runsc_ptrace,65536,2.32852e-05
tmpfs_runsc_ptrace,65536,2.7890932e-05
tmpfs_runsc_kvm,1048576,0.000162543714
tmpfs_runsc_kvm,1048576,0.000144560341
tmpfs_runsc_kvm,1048576,0.00016704954
tmpfs_runsc_kvm,1048576,0.000152678418
tmpfs_runsc_kvm,1048576,0.000162011813
tmpfs_runsc_kvm,1048576,0.000165518184
tmpfs_runsc_kvm,1048576,0.00014537992
tmpfs_runsc_kvm,1048576,0.000163889737
tmpfs_runsc_kvm,1048576,0.00015968451
tmpfs_runsc_kvm,1048576,0.000160591066
tmpfs_runsc_kvm,1048576,0.000160078474
tmpfs_runsc_kvm,1048576,0.000146056889
tmpfs_runsc_kvm,1048576,0.00017982861
tmpfs_runsc_kvm,1048576,0.000145016122
tmpfs_runsc_kvm,1048576,0.000147716928
tmpfs_runsc_kvm,1048576,0.000160074822
tmpfs_runsc_kvm,1048576,0.000143388344
tmpfs_runsc_kvm,1048576,0.00016311917
tmpfs_runsc_kvm,1048576,0.000160561409
tmpfs_runsc_kvm,1048576,0.000159907067
tmpfs_runsc_kvm,1048576,0.000165427278
tmpfs_runsc_kvm,1048576,0.000174287474
tmpfs_runsc_kvm,1048576,0.000160473632
tmpfs_runsc_kvm,1048576,0.000151108557
tmpfs_runsc_kvm,1048576,0.000169387145
tmpfs_runsc_kvm,1048576,0.000159923497
tmpfs_runsc_kvm,1048576,0.000159014613
tmpfs_runsc_kvm,1048576,0.000163206743
tmpfs_runsc_kvm,1048576,0.000161512507
tmpfs_runsc_kvm,1048576,0.000159586998
tmpfs_runsc_kvm,1048576,0.000153052257
tmpfs_runsc_kvm,1048576,0.000157170012
tmpfs_runsc_kvm,1048576,0.000157756469
tmpfs_runsc_kvm,1048576,0.00014484339
tmpfs_runsc_kvm,1048576,0.000162511176
tmpfs_runsc_kvm,1048576,0.000178808696
tmpfs_runsc_kvm,1048576,0.000161243923
tmpfs_runsc_kvm,1048576,0.000153368805
tmpfs_runsc_kvm,1048576,0.000144821694
tmpfs_runsc_kvm,1048576,0.000161271979
tmpfs_runsc_kvm,1048576,0.000161118252
tmpfs_runsc_kvm,1048576,0.000141635173
tmpfs_runsc_kvm,1048576,0.000157529779
tmpfs_runsc_kvm,1048576,0.000146971652
tmpfs_runsc_kvm,1048576,0.000144063146
tmpfs_runsc_kvm,1048576,0.000166793048
tmpfs_runsc_kvm,1048576,0.000162979661
tmpfs_runsc_kvm,1048576,0.000144841382
tmpfs_runsc_kvm,1048576,0.000154779438
tmpfs_runsc_kvm,1048576,0.000145912607
tmpfs_runsc_kvm,1048576,0.00016272653
tmpfs_runsc_kvm,1048576,0.000169500869
tmpfs_runsc_kvm,1048576,0.000169491133
tmpfs_runsc_kvm,1048576,0.000158397743
tmpfs_runsc_kvm,1048576,0.000160849289
tmpfs_runsc_kvm,1048576,0.000164153811
tmpfs_runsc_kvm,1048576,0.000162758137
tmpfs_runsc_kvm,1048576,0.000143538928
tmpfs_runsc_kvm,1048576,0.000170190731
tmpfs_runsc_kvm,1048576,0.000160811906
tmpfs_runsc_kvm,1048576,0.000155821472
tmpfs_runsc_kvm,1048576,0.000159706033
tmpfs_runsc_kvm,1048576,0.000162034354
tmpfs_runsc_kvm,1048576,0.000181878524
tmpfs_runsc_kvm,1048576,0.000161307253
tmpfs_runsc_kvm,1048576,0.000176195434
tmpfs_runsc_kvm,1048576,0.000160205876
tmpfs_runsc_kvm,1048576,0.000149258267
tmpfs_runsc_kvm,1048576,0.000172298998
tmpfs_runsc_kvm,1048576,0.000164806959
tmpfs_runsc_kvm,1048576,0.000145335289
tmpfs_runsc_kvm,1048576,0.000157953793
tmpfs_runsc_kvm,1048576,0.000157578717
tmpfs_runsc_kvm,1048576,0.000159055169
tmpfs_runsc_kvm,1048576,0.000175666355
tmpfs_runsc_kvm,1048576,0.000146597362
tmpfs_runsc_kvm,1048576,0.000172750049
tmpfs_runsc_kvm,1048576,0.000160381038
tmpfs_runsc_kvm,1048576,0.000161277421
tmpfs_runsc_kvm,1048576,0.000161691918
tmpfs_runsc_kvm,1048576,0.000175980735
tmpfs_runsc_kvm,1048576,0.000167453618
tmpfs_runsc_kvm,1048576,0.000179725452
tmpfs_runsc_kvm,1048576,0.000150714928
tmpfs_runsc_kvm,1048576,0.000161505333
tmpfs_runsc_kvm,1048576,0.000157560207
tmpfs_runsc_kvm,1048576,0.000145093567
tmpfs_runsc_kvm,1048576,0.000156044131
tmpfs_runsc_kvm,1048576,0.000146886858
tmpfs_runsc_kvm,1048576,0.000146390434
tmpfs_runsc_kvm,1048576,0.000144388585
tmpfs_runsc_kvm,1048576,0.000160679338
tmpfs_runsc_kvm,1048576,0.000146451057
tmpfs_runsc_kvm,1048576,0.000161920529
tmpfs_runsc_kvm,1048576,0.000163213132
tmpfs_runsc_kvm,1048576,0.000161395859
tmpfs_runsc_kvm,1048576,0.000150423541
tmpfs_runsc_kvm,1048576,0.000176151691
tmpfs_runsc_kvm,1048576,0.000168968036
tmpfs_runsc_kvm,1048576,0.000164277022
tmpfs_runsc_kvm,16384,7.535401e-06
tmpfs_runsc_kvm,16384,7.069174e-06
tmpfs_runsc_kvm,16384,6.757427e-06
tmpfs_runsc_kvm,16384,7.66522e-06
tmpfs_runsc_kvm,16384,7.514818e-06
tmpfs_runsc_kvm,16384,7.660889e-06
tmpfs_runsc_kvm,16384,7.519557e-06
tmpfs_runsc_kvm,16384,7.806098e-06
tmpfs_runsc_kvm,16384,7.477667e-06
tmpfs_runsc_kvm,16384,7.555196e-06
tmpfs_runsc_kvm,16384,6.987194e-06
tmpfs_runsc_kvm,16384,7.364145e-06
tmpfs_runsc_kvm,16384,7.65736e-06
tmpfs_runsc_kvm,16384,6.976441e-06
tmpfs_runsc_kvm,16384,6.992685e-06
tmpfs_runsc_kvm,16384,7.845289e-06
tmpfs_runsc_kvm,16384,7.021353e-06
tmpfs_runsc_kvm,16384,6.932956e-06
tmpfs_runsc_kvm,16384,7.674137e-06
tmpfs_runsc_kvm,16384,7.778279e-06
tmpfs_runsc_kvm,16384,7.722417e-06
tmpfs_runsc_kvm,16384,7.638017e-06
tmpfs_runsc_kvm,16384,7.402102e-06
tmpfs_runsc_kvm,16384,7.797566e-06
tmpfs_runsc_kvm,16384,7.785716e-06
tmpfs_runsc_kvm,16384,6.876665e-06
tmpfs_runsc_kvm,16384,7.537333e-06
tmpfs_runsc_kvm,16384,8.189244e-06
tmpfs_runsc_kvm,16384,7.53987e-06
tmpfs_runsc_kvm,16384,7.276669e-06
tmpfs_runsc_kvm,16384,7.064094e-06
tmpfs_runsc_kvm,16384,6.905351e-06
tmpfs_runsc_kvm,16384,7.864202e-06
tmpfs_runsc_kvm,16384,7.332088e-06
tmpfs_runsc_kvm,16384,7.716708e-06
tmpfs_runsc_kvm,16384,7.58647e-06
tmpfs_runsc_kvm,16384,6.973601e-06
tmpfs_runsc_kvm,16384,7.403197e-06
tmpfs_runsc_kvm,16384,7.428532e-06
tmpfs_runsc_kvm,16384,6.990692e-06
tmpfs_runsc_kvm,16384,7.857521e-06
tmpfs_runsc_kvm,16384,7.501038e-06
tmpfs_runsc_kvm,16384,7.395066e-06
tmpfs_runsc_kvm,16384,7.447891e-06
tmpfs_runsc_kvm,16384,7.382222e-06
tmpfs_runsc_kvm,16384,7.422631e-06
tmpfs_runsc_kvm,16384,7.630373e-06
tmpfs_runsc_kvm,16384,6.877032e-06
tmpfs_runsc_kvm,16384,7.6939e-06
tmpfs_runsc_kvm,16384,7.395976e-06
tmpfs_runsc_kvm,16384,7.222624e-06
tmpfs_runsc_kvm,16384,7.676397e-06
tmpfs_runsc_kvm,16384,7.426884e-06
tmpfs_runsc_kvm,16384,7.691832e-06
tmpfs_runsc_kvm,16384,7.370207e-06
tmpfs_runsc_kvm,16384,7.020503e-06
tmpfs_runsc_kvm,16384,8.01117e-06
tmpfs_runsc_kvm,16384,7.39125e-06
tmpfs_runsc_kvm,16384,6.819422e-06
tmpfs_runsc_kvm,16384,7.405059e-06
tmpfs_runsc_kvm,16384,7.13212e-06
tmpfs_runsc_kvm,16384,6.981061e-06
tmpfs_runsc_kvm,16384,7.384414e-06
tmpfs_runsc_kvm,16384,7.391257e-06
tmpfs_runsc_kvm,16384,7.319869e-06
tmpfs_runsc_kvm,16384,6.944018e-06
tmpfs_runsc_kvm,16384,7.305415e-06
tmpfs_runsc_kvm,16384,7.702052e-06
tmpfs_runsc_kvm,16384,7.27256e-06
tmpfs_runsc_kvm,16384,7.576945e-06
tmpfs_runsc_kvm,16384,7.642715e-06
tmpfs_runsc_kvm,16384,9.055274e-06
tmpfs_runsc_kvm,16384,7.94518e-06
tmpfs_runsc_kvm,16384,6.902884e-06
tmpfs_runsc_kvm,16384,6.743503e-06
tmpfs_runsc_kvm,16384,7.904822e-06
tmpfs_runsc_kvm,16384,7.328139e-06
tmpfs_runsc_kvm,16384,7.702549e-06
tmpfs_runsc_kvm,16384,7.75919e-06
tmpfs_runsc_kvm,16384,6.542755e-06
tmpfs_runsc_kvm,16384,6.90236e-06
tmpfs_runsc_kvm,16384,7.282937e-06
tmpfs_runsc_kvm,16384,7.616592e-06
tmpfs_runsc_kvm,16384,6.984303e-06
tmpfs_runsc_kvm,16384,7.964015e-06
tmpfs_runsc_kvm,16384,7.001969e-06
tmpfs_runsc_kvm,16384,7.748782e-06
tmpfs_runsc_kvm,16384,7.505956e-06
tmpfs_runsc_kvm,16384,7.657082e-06
tmpfs_runsc_kvm,16384,7.604489e-06
tmpfs_runsc_kvm,16384,7.584196e-06
tmpfs_runsc_kvm,16384,7.763732e-06
tmpfs_runsc_kvm,16384,7.198093e-06
tmpfs_runsc_kvm,16384,7.397985e-06
tmpfs_runsc_kvm,16384,7.573872e-06
tmpfs_runsc_kvm,16384,7.598811e-06
tmpfs_runsc_kvm,16384,7.589218e-06
tmpfs_runsc_kvm,16384,6.993043e-06
tmpfs_runsc_kvm,16384,7.562224e-06
tmpfs_runsc_kvm,16384,7.409217e-06
tmpfs_runc,1048576,0.000153455825
tmpfs_runc,1048576,0.000154684545
tmpfs_runc,1048576,0.000155895905
tmpfs_runc,1048576,0.000155200498
tmpfs_runc,1048576,0.00015056564
tmpfs_runc,1048576,0.000147308165
tmpfs_runc,1048576,0.000153046261
tmpfs_runc,1048576,0.000152975714
tmpfs_runc,1048576,0.000149843312
tmpfs_runc,1048576,0.000153574569
tmpfs_runc,1048576,0.000158949959
tmpfs_runc,1048576,0.000151990782
tmpfs_runc,1048576,0.00015154641
tmpfs_runc,1048576,0.000152008215
tmpfs_runc,1048576,0.00015288018
tmpfs_runc,1048576,0.000151551823
tmpfs_runc,1048576,0.000153492845
tmpfs_runc,1048576,0.000149920728
tmpfs_runc,1048576,0.00015132573
tmpfs_runc,1048576,0.000149535001
tmpfs_runc,1048576,0.000148411011
tmpfs_runc,1048576,0.000153340763
tmpfs_runc,1048576,0.00015637363
tmpfs_runc,1048576,0.000156633439
tmpfs_runc,1048576,0.000156046677
tmpfs_runc,1048576,0.000153809829
tmpfs_runc,1048576,0.000152431734
tmpfs_runc,1048576,0.000155642629
tmpfs_runc,1048576,0.000152875204
tmpfs_runc,1048576,0.000153865811
tmpfs_runc,1048576,0.000151539425
tmpfs_runc,1048576,0.000154030364
tmpfs_runc,1048576,0.000151811444
tmpfs_runc,1048576,0.000154266105
tmpfs_runc,1048576,0.000151232947
tmpfs_runc,1048576,0.000153800167
tmpfs_runc,1048576,0.000153798639
tmpfs_runc,1048576,0.00015401392
tmpfs_runc,1048576,0.000152788081
tmpfs_runc,1048576,0.000152374996
tmpfs_runc,1048576,0.000157750241
tmpfs_runc,1048576,0.000154009947
tmpfs_runc,1048576,0.000150783861
tmpfs_runc,1048576,0.000151557746
tmpfs_runc,1048576,0.000151543325
tmpfs_runc,1048576,0.000148459963
tmpfs_runc,1048576,0.000154357811
tmpfs_runc,1048576,0.000153365705
tmpfs_runc,1048576,0.000152398381
tmpfs_runc,1048576,0.000151931221
tmpfs_runc,1048576,0.000151499611
tmpfs_runc,1048576,0.000154424371
tmpfs_runc,1048576,0.000155387359
tmpfs_runc,1048576,0.000150682623
tmpfs_runc,1048576,0.000151992528
tmpfs_runc,1048576,0.000154327528
tmpfs_runc,1048576,0.000149128929
tmpfs_runc,1048576,0.000155174479
tmpfs_runc,1048576,0.000150556662
tmpfs_runc,1048576,0.000153203233
tmpfs_runc,1048576,0.000152353779
tmpfs_runc,1048576,0.000151166343
tmpfs_runc,1048576,0.00015240167
tmpfs_runc,1048576,0.000148465959
tmpfs_runc,1048576,0.000154111811
tmpfs_runc,1048576,0.000154670488
tmpfs_runc,1048576,0.000151844826
tmpfs_runc,1048576,0.000152751891
tmpfs_runc,1048576,0.000149160245
tmpfs_runc,1048576,0.000152269233
tmpfs_runc,1048576,0.00015444668
tmpfs_runc,1048576,0.00015704133
tmpfs_runc,1048576,0.000151482061
tmpfs_runc,1048576,0.000150553766
tmpfs_runc,1048576,0.000149616535
tmpfs_runc,1048576,0.000151691478
tmpfs_runc,1048576,0.000157172355
tmpfs_runc,1048576,0.00015274965
tmpfs_runc,1048576,0.000150294596
tmpfs_runc,1048576,0.000156768918
tmpfs_runc,1048576,0.000153235625
tmpfs_runc,1048576,0.000153539149
tmpfs_runc,1048576,0.00015014525
tmpfs_runc,1048576,0.000153395173
tmpfs_runc,1048576,0.000158188312
tmpfs_runc,1048576,0.000152343331
tmpfs_runc,1048576,0.000152228706
tmpfs_runc,1048576,0.000153761604
tmpfs_runc,1048576,0.000154370893
tmpfs_runc,1048576,0.000146639213
tmpfs_runc,1048576,0.000152834633
tmpfs_runc,1048576,0.000150211155
tmpfs_runc,1048576,0.00014721707
tmpfs_runc,1048576,0.000151743749
tmpfs_runc,1048576,0.000154576992
tmpfs_runc,1048576,0.000155057263
tmpfs_runc,1048576,0.000154405367
tmpfs_runc,1048576,0.000149545594
tmpfs_runc,1048576,0.000151993983
tmpfs_runc,1048576,0.000152108099
tmpfs_bare,16384,2.739188e-06
tmpfs_bare,16384,2.756564e-06
tmpfs_bare,16384,2.718139e-06
tmpfs_bare,16384,2.770071e-06
tmpfs_bare,16384,2.783084e-06
tmpfs_bare,16384,2.670231e-06
tmpfs_bare,16384,2.706861e-06
tmpfs_bare,16384,2.687039e-06
tmpfs_bare,16384,2.80223e-06
tmpfs_bare,16384,2.700753e-06
tmpfs_bare,16384,2.765355e-06
tmpfs_bare,16384,2.723697e-06
tmpfs_bare,16384,2.77427e-06
tmpfs_bare,16384,2.733628e-06
tmpfs_bare,16384,2.796459e-06
tmpfs_bare,16384,2.73725e-06
tmpfs_bare,16384,2.69542e-06
tmpfs_bare,16384,2.781563e-06
tmpfs_bare,16384,2.762308e-06
tmpfs_bare,16384,2.698001e-06
tmpfs_bare,16384,2.698649e-06
tmpfs_bare,16384,2.72124e-06
tmpfs_bare,16384,2.692567e-06
tmpfs_bare,16384,2.680385e-06
tmpfs_bare,16384,2.771389e-06
tmpfs_bare,16384,2.731912e-06
tmpfs_bare,16384,2.727167e-06
tmpfs_bare,16384,2.703287e-06
tmpfs_bare,16384,2.716325e-06
tmpfs_bare,16384,2.719749e-06
tmpfs_bare,16384,2.729558e-06
tmpfs_bare,16384,2.705297e-06
tmpfs_bare,16384,2.722589e-06
tmpfs_bare,16384,2.731063e-06
tmpfs_bare,16384,2.741084e-06
tmpfs_bare,16384,2.692543e-06
tmpfs_bare,16384,2.699599e-06
tmpfs_bare,16384,2.749593e-06
tmpfs_bare,16384,2.796816e-06
tmpfs_bare,16384,2.758988e-06
tmpfs_bare,16384,2.685292e-06
tmpfs_bare,16384,2.714104e-06
tmpfs_bare,16384,2.735512e-06
tmpfs_bare,16384,2.720962e-06
tmpfs_bare,16384,2.739863e-06
tmpfs_bare,16384,2.625271e-06
tmpfs_bare,16384,2.707319e-06
tmpfs_bare,16384,2.7176e-06
tmpfs_bare,16384,2.73139e-06
tmpfs_bare,16384,2.72677e-06
tmpfs_bare,16384,2.771684e-06
tmpfs_bare,16384,2.718446e-06
tmpfs_bare,16384,2.702428e-06
tmpfs_bare,16384,2.765697e-06
tmpfs_bare,16384,2.720255e-06
tmpfs_bare,16384,2.773623e-06
tmpfs_bare,16384,2.683989e-06
tmpfs_bare,16384,2.711799e-06
tmpfs_bare,16384,2.709275e-06
tmpfs_bare,16384,2.714021e-06
tmpfs_bare,16384,2.744051e-06
tmpfs_bare,16384,2.716787e-06
tmpfs_bare,16384,2.704249e-06
tmpfs_bare,16384,2.722087e-06
tmpfs_bare,16384,2.609656e-06
tmpfs_bare,16384,2.726783e-06
tmpfs_bare,16384,2.717479e-06
tmpfs_bare,16384,2.722588e-06
tmpfs_bare,16384,2.710631e-06
tmpfs_bare,16384,2.713414e-06
tmpfs_bare,16384,2.801056e-06
tmpfs_bare,16384,2.761418e-06
tmpfs_bare,16384,2.711532e-06
tmpfs_bare,16384,2.732318e-06
tmpfs_bare,16384,2.72039e-06
tmpfs_bare,16384,2.636915e-06
tmpfs_bare,16384,2.737036e-06
tmpfs_bare,16384,2.731239e-06
tmpfs_bare,16384,2.714602e-06
tmpfs_bare,16384,2.730864e-06
tmpfs_bare,16384,2.72684e-06
tmpfs_bare,16384,2.785854e-06
tmpfs_bare,16384,2.713641e-06
tmpfs_bare,16384,2.756935e-06
tmpfs_bare,16384,2.779249e-06
tmpfs_bare,16384,2.731211e-06
tmpfs_bare,16384,2.748803e-06
tmpfs_bare,16384,2.752546e-06
tmpfs_bare,16384,2.765398e-06
tmpfs_bare,16384,2.696435e-06
tmpfs_bare,16384,2.784977e-06
tmpfs_bare,16384,2.701964e-06
tmpfs_bare,16384,2.729607e-06
tmpfs_bare,16384,2.732127e-06
tmpfs_bare,16384,2.720201e-06
tmpfs_bare,16384,2.716128e-06
tmpfs_bare,16384,2.754386e-06
tmpfs_bare,16384,2.79177e-06
tmpfs_bare,16384,2.721088e-06
tmpfs_bare,16384,2.731377e-06
tmpfs_runc,65536,1.0438732e-05
tmpfs_runc,65536,1.0495201e-05
tmpfs_runc,65536,1.0560032e-05
tmpfs_runc,65536,1.0461083e-05
tmpfs_runc,65536,1.0045248e-05
tmpfs_runc,65536,1.0085273e-05
tmpfs_runc,65536,1.0563043e-05
tmpfs_runc,65536,1.0488843e-05
tmpfs_runc,65536,9.734647e-06
tmpfs_runc,65536,1.0623841e-05
tmpfs_runc,65536,1.0384339e-05
tmpfs_runc,65536,1.0461249e-05
tmpfs_runc,65536,1.030263e-05
tmpfs_runc,65536,1.0244024e-05
tmpfs_runc,65536,1.0259289e-05
tmpfs_runc,65536,1.0660713e-05
tmpfs_runc,65536,9.52971e-06
tmpfs_runc,65536,1.0461825e-05
tmpfs_runc,65536,1.0346793e-05
tmpfs_runc,65536,1.0307405e-05
tmpfs_runc,65536,1.0737555e-05
tmpfs_runc,65536,1.0320534e-05
tmpfs_runc,65536,1.0386317e-05
tmpfs_runc,65536,1.0461828e-05
tmpfs_runc,65536,1.0487886e-05
tmpfs_runc,65536,1.0304112e-05
tmpfs_runc,65536,1.0194021e-05
tmpfs_runc,65536,1.0687973e-05
tmpfs_runc,65536,1.0595204e-05
tmpfs_runc,65536,9.083891e-06
tmpfs_runc,65536,1.0616364e-05
tmpfs_runc,65536,9.611974e-06
tmpfs_runc,65536,1.076851e-05
tmpfs_runc,65536,1.0725662e-05
tmpfs_runc,65536,1.0132199e-05
tmpfs_runc,65536,1.0485239e-05
tmpfs_runc,65536,1.0517447e-05
tmpfs_runc,65536,1.0502045e-05
tmpfs_runc,65536,1.0826021e-05
tmpfs_runc,65536,1.0379055e-05
tmpfs_runc,65536,1.0359298e-05
tmpfs_runc,65536,1.0735473e-05
tmpfs_runc,65536,1.0614782e-05
tmpfs_runc,65536,1.0510459e-05
tmpfs_runc,65536,1.0769243e-05
tmpfs_runc,65536,1.0521917e-05
tmpfs_runc,65536,1.0437256e-05
tmpfs_runc,65536,1.0818417e-05
tmpfs_runc,65536,1.04652e-05
tmpfs_runc,65536,9.577591e-06
tmpfs_runc,65536,1.0571522e-05
tmpfs_runc,65536,1.0279834e-05
tmpfs_runc,65536,1.0503412e-05
tmpfs_runc,65536,1.0618544e-05
tmpfs_runc,65536,9.750889e-06
tmpfs_runc,65536,1.0569312e-05
tmpfs_runc,65536,1.0535556e-05
tmpfs_runc,65536,1.0374006e-05
tmpfs_runc,65536,1.0459195e-05
tmpfs_runc,65536,9.180799e-06
tmpfs_runc,65536,1.0048373e-05
tmpfs_runc,65536,1.0179719e-05
tmpfs_runc,65536,9.529786e-06
tmpfs_runc,65536,1.0273423e-05
tmpfs_runc,65536,1.0499742e-05
tmpfs_runc,65536,1.0388177e-05
tmpfs_runc,65536,1.0576687e-05
tmpfs_runc,65536,1.057997e-05
tmpfs_runc,65536,1.0475846e-05
tmpfs_runc,65536,1.0450574e-05
tmpfs_runc,65536,1.0411308e-05
tmpfs_runc,65536,1.071704e-05
tmpfs_runc,65536,1.0273398e-05
tmpfs_runc,65536,1.0765165e-05
tmpfs_runc,65536,1.0546342e-05
tmpfs_runc,65536,1.0621528e-05
tmpfs_runc,65536,1.0568067e-05
tmpfs_runc,65536,1.0580224e-05
tmpfs_runc,65536,1.0657734e-05
tmpfs_runc,65536,1.0308117e-05
tmpfs_runc,65536,1.0507035e-05
tmpfs_runc,65536,9.747091e-06
tmpfs_runc,65536,1.0692415e-05
tmpfs_runc,65536,1.0627436e-05
tmpfs_runc,65536,1.0156988e-05
tmpfs_runc,65536,9.840629e-06
tmpfs_runc,65536,1.0546722e-05
tmpfs_runc,65536,1.0610683e-05
tmpfs_runc,65536,1.0408014e-05
tmpfs_runc,65536,1.0417808e-05
tmpfs_runc,65536,1.033132e-05
tmpfs_runc,65536,1.0342592e-05
tmpfs_runc,65536,1.0428742e-05
tmpfs_runc,65536,1.04134e-05
tmpfs_runc,65536,1.0641949e-05
tmpfs_runc,65536,1.0144501e-05
tmpfs_runc,65536,1.0387624e-05
tmpfs_runc,65536,1.0819785e-05
tmpfs_runc,65536,1.0957287e-05
tmpfs_runc,65536,1.06045e-05
tmpfs_runc,262144,4.1070991e-05
tmpfs_runc,262144,4.1142412e-05
tmpfs_runc,262144,4.1684612e-05
tmpfs_runc,262144,4.0459236e-05
tmpfs_runc,262144,4.007779e-05
tmpfs_runc,262144,4.0689196e-05
tmpfs_runc,262144,4.1111172e-05
tmpfs_runc,262144,4.0471627e-05
tmpfs_runc,262144,4.0661613e-05
tmpfs_runc,262144,3.9017355e-05
tmpfs_runc,262144,3.9615548e-05
tmpfs_runc,262144,3.9601797e-05
tmpfs_runc,262144,4.0549821e-05
tmpfs_runc,262144,3.9640825e-05
tmpfs_runc,262144,3.8838574e-05
tmpfs_runc,262144,4.1442108e-05
tmpfs_runc,262144,4.0224251e-05
tmpfs_runc,262144,4.0912008e-05
tmpfs_runc,262144,4.0058629e-05
tmpfs_runc,262144,4.0482391e-05
tmpfs_runc,262144,4.0128842e-05
tmpfs_runc,262144,4.1401974e-05
tmpfs_runc,262144,4.0979543e-05
tmpfs_runc,262144,4.1203657e-05
tmpfs_runc,262144,4.0128642e-05
tmpfs_runc,262144,4.0255021e-05
tmpfs_runc,262144,3.9957918e-05
tmpfs_runc,262144,4.1079136e-05
tmpfs_runc,262144,3.9122086e-05
tmpfs_runc,262144,4.0255327e-05
tmpfs_runc,262144,4.0105304e-05
tmpfs_runc,262144,3.9678125e-05
tmpfs_runc,262144,3.936276e-05
tmpfs_runc,262144,3.9290248e-05
tmpfs_runc,262144,4.010235e-05
tmpfs_runc,262144,4.126408e-05
tmpfs_runc,262144,4.0190131e-05
tmpfs_runc,262144,4.1096726e-05
tmpfs_runc,262144,4.0041348e-05
tmpfs_runc,262144,4.042864e-05
tmpfs_runc,262144,4.0429353e-05
tmpfs_runc,262144,4.1784944e-05
tmpfs_runc,262144,4.1950268e-05
tmpfs_runc,262144,4.0032883e-05
tmpfs_runc,262144,4.1769505e-05
tmpfs_runc,262144,4.0276744e-05
tmpfs_runc,262144,4.0078467e-05
tmpfs_runc,262144,4.1148971e-05
tmpfs_runc,262144,4.0418778e-05
tmpfs_runc,262144,3.9325943e-05
tmpfs_runc,262144,3.9705978e-05
tmpfs_runc,262144,3.997501e-05
tmpfs_runc,262144,3.8979731e-05
tmpfs_runc,262144,4.0365619e-05
tmpfs_runc,262144,4.0022675e-05
tmpfs_runc,262144,4.0611147e-05
tmpfs_runc,262144,3.9846822e-05
tmpfs_runc,262144,3.9636278e-05
tmpfs_runc,262144,4.5750505e-05
tmpfs_runc,262144,4.0173421e-05
tmpfs_runc,262144,4.1984047e-05
tmpfs_runc,262144,4.0069343e-05
tmpfs_runc,262144,3.9748928e-05
tmpfs_runc,262144,4.0333893e-05
tmpfs_runc,262144,4.1101972e-05
tmpfs_runc,262144,4.0595231e-05
tmpfs_runc,262144,3.9414201e-05
tmpfs_runc,262144,4.1401177e-05
tmpfs_runc,262144,4.0124054e-05
tmpfs_runc,262144,4.063611e-05
tmpfs_runc,262144,4.064625e-05
tmpfs_runc,262144,3.883701e-05
tmpfs_runc,262144,3.9327453e-05
tmpfs_runc,262144,3.9680013e-05
tmpfs_runc,262144,3.9607137e-05
tmpfs_runc,262144,4.0808605e-05
tmpfs_runc,262144,4.066711e-05
tmpfs_runc,262144,4.017659e-05
tmpfs_runc,262144,3.8653474e-05
tmpfs_runc,262144,3.8535352e-05
tmpfs_runc,262144,3.8886028e-05
tmpfs_runc,262144,4.1072301e-05
tmpfs_runc,262144,4.105812e-05
tmpfs_runc,262144,3.9762665e-05
tmpfs_runc,262144,4.0371389e-05
tmpfs_runc,262144,4.1496773e-05
tmpfs_runc,262144,4.1457013e-05
tmpfs_runc,262144,3.9812629e-05
tmpfs_runc,262144,4.1750736e-05
tmpfs_runc,262144,3.9669878e-05
tmpfs_runc,262144,3.9034872e-05
tmpfs_runc,262144,3.9916849e-05
tmpfs_runc,262144,4.0539799e-05
tmpfs_runc,262144,4.081519e-05
tmpfs_runc,262144,4.2130243e-05
tmpfs_runc,262144,4.0699531e-05
tmpfs_runc,262144,3.8712707e-05
tmpfs_runc,262144,3.9702114e-05
tmpfs_runc,262144,4.0000625e-05
tmpfs_runc,262144,4.0890536e-05
